created_utc,subreddit,count
2023-04-05,IndianMemeTemplates,1
2023-04-05,IndianMeyMeys,2
2023-04-05,indianews,1
2023-04-05,indianmemer,2
2023-04-06,IndiaSpeaks,2
2023-04-06,IndianMemeTemplates,1
2023-04-06,atheismindia,1
2023-04-06,india,1
2023-04-06,indianews,5
2023-04-06,unitedstatesofindia,1
2023-04-07,IndiaSpeaks,2
2023-04-07,IndianMemeTemplates,1
2023-04-07,IndianMeyMeys,3
2023-04-07,indiadiscussion,1
2023-04-07,indianews,2
2023-04-07,indianmemer,2
2023-04-08,IndiaSpeaks,1
2023-04-08,IndianMemeTemplates,2
2023-04-08,IndianMeyMeys,5
2023-04-08,atheismindia,2
2023-04-08,india,3
2023-04-08,indianews,2
2023-04-08,unitedstatesofindia,1
2023-04-09,IndiaSpeaks,3
2023-04-09,IndianMemeTemplates,1
2023-04-09,IndianMeyMeys,1
2023-04-09,atheismindia,4
2023-04-09,indianews,3
2023-04-09,indianmemer,1
2023-04-09,unitedstatesofindia,1
2023-04-10,IndianMemeTemplates,1
2023-04-10,IndianMeyMeys,7
2023-04-10,atheismindia,1
2023-04-10,indianews,5
2023-04-10,indianmemer,1
2023-04-10,unitedstatesofindia,2
2023-04-11,IndiaSpeaks,3
2023-04-11,IndianMeyMeys,1
2023-04-11,atheismindia,3
2023-04-11,india,1
2023-04-11,indiadiscussion,1
2023-04-11,indianews,2
2023-04-11,unitedstatesofindia,1
2023-04-12,IndiaSpeaks,1
2023-04-12,IndianMemeTemplates,1
2023-04-12,IndianMeyMeys,5
2023-04-12,atheismindia,2
2023-04-12,india,1
2023-04-12,indiadiscussion,2
2023-04-12,indianews,3
2023-04-12,indianmemer,1
2023-04-12,unitedstatesofindia,3
2023-04-13,IndianMeyMeys,1
2023-04-13,atheismindia,1
2023-04-13,india,2
2023-04-13,indianews,1
2023-04-13,indianmemer,3
2023-04-14,IndiaSpeaks,3
2023-04-14,IndianMeyMeys,2
2023-04-14,atheismindia,2
2023-04-14,india,1
2023-04-14,indianews,3
2023-04-15,IndiaSpeaks,1
2023-04-15,IndianMeyMeys,9
2023-04-15,atheismindia,1
2023-04-15,india,2
2023-04-15,indianews,4
2023-04-15,indianmemer,2
2023-04-15,unitedstatesofindia,2
2023-04-16,IndiaSpeaks,2
2023-04-16,IndianMeyMeys,4
2023-04-16,atheismindia,2
2023-04-16,indiadiscussion,1
2023-04-16,indianews,4
2023-04-16,indianmemer,1
2023-04-17,IndiaSpeaks,1
2023-04-17,IndianMemeTemplates,2
2023-04-17,IndianMeyMeys,4
2023-04-17,atheismindia,2
2023-04-17,india,2
2023-04-17,indianews,2
2023-04-17,unitedstatesofindia,1
2023-04-18,IndiaSpeaks,1
2023-04-18,IndianMemeTemplates,2
2023-04-18,IndianMeyMeys,2
2023-04-18,atheismindia,1
2023-04-18,india,1
2023-04-18,indiadiscussion,1
2023-04-18,indianews,2
2023-04-18,indianmemer,2
2023-04-18,unitedstatesofindia,2
2023-04-19,IndiaSpeaks,1
2023-04-19,IndianMemeTemplates,2
2023-04-19,IndianMeyMeys,2
2023-04-19,india,1
2023-04-19,indianews,4
2023-04-19,indianmemer,1
2023-04-19,unitedstatesofindia,1
2023-04-20,IndiaSpeaks,3
2023-04-20,IndianMemeTemplates,2
2023-04-20,IndianMeyMeys,7
2023-04-20,atheismindia,1
2023-04-20,indiadiscussion,1
2023-04-20,indianews,4
2023-04-20,indianmemer,2
2023-04-20,unitedstatesofindia,2
2023-04-21,IndianMemeTemplates,1
2023-04-21,IndianMeyMeys,6
2023-04-21,atheismindia,1
2023-04-21,india,2
2023-04-21,indiadiscussion,1
2023-04-21,indianews,4
2023-04-21,unitedstatesofindia,1
2023-04-22,IndiaSpeaks,1
2023-04-22,IndianMeyMeys,6
2023-04-22,atheismindia,2
2023-04-22,indiadiscussion,1
2023-04-22,indianews,5
2023-04-22,indianmemer,2
2023-04-22,unitedstatesofindia,2
2023-04-23,IndiaSpeaks,2
2023-04-23,IndianMemeTemplates,1
2023-04-23,IndianMeyMeys,8
2023-04-23,atheismindia,1
2023-04-23,india,2
2023-04-23,indiadiscussion,1
2023-04-23,indianews,3
2023-04-23,indianmemer,1
2023-04-23,unitedstatesofindia,2
2023-04-24,IndiaSpeaks,1
2023-04-24,IndianMemeTemplates,2
2023-04-24,IndianMeyMeys,8
2023-04-24,atheismindia,2
2023-04-24,india,1
2023-04-24,indianews,5
2023-04-24,unitedstatesofindia,1
2023-04-25,IndiaSpeaks,2
2023-04-25,IndianMemeTemplates,3
2023-04-25,IndianMeyMeys,4
2023-04-25,atheismindia,3
2023-04-25,india,1
2023-04-25,indianews,3
2023-04-25,indianmemer,1
2023-04-26,IndiaSpeaks,3
2023-04-26,IndianMeyMeys,3
2023-04-26,atheismindia,1
2023-04-26,india,2
2023-04-26,indianews,3
2023-04-26,indianmemer,1
2023-04-26,unitedstatesofindia,1
2023-04-27,IndiaSpeaks,2
2023-04-27,IndianMemeTemplates,1
2023-04-27,IndianMeyMeys,1
2023-04-27,atheismindia,2
2023-04-27,india,3
2023-04-27,indiadiscussion,1
2023-04-27,indianews,5
2023-04-27,indianmemer,2
2023-04-27,unitedstatesofindia,1
2023-04-28,IndiaSpeaks,2
2023-04-28,IndianMemeTemplates,1
2023-04-28,IndianMeyMeys,3
2023-04-28,atheismindia,1
2023-04-28,india,2
2023-04-28,indianews,4
2023-04-28,unitedstatesofindia,2
2023-04-29,IndiaSpeaks,1
2023-04-29,IndianMemeTemplates,1
2023-04-29,IndianMeyMeys,4
2023-04-29,atheismindia,3
2023-04-29,indiadiscussion,1
2023-04-29,indianews,4
2023-04-29,indianmemer,1
2023-04-29,unitedstatesofindia,2
2023-04-30,IndiaSpeaks,2
2023-04-30,IndianMemeTemplates,1
2023-04-30,indiadiscussion,1
2023-04-30,indianews,3
2023-04-30,indianmemer,1
2023-04-30,unitedstatesofindia,2
2023-05-01,IndiaSpeaks,3
2023-05-01,IndianMemeTemplates,3
2023-05-01,IndianMeyMeys,1
2023-05-01,atheismindia,1
2023-05-01,india,1
2023-05-01,indianews,2
2023-05-01,unitedstatesofindia,2
2023-05-02,IndiaSpeaks,1
2023-05-02,IndianMemeTemplates,1
2023-05-02,IndianMeyMeys,1
2023-05-02,atheismindia,3
2023-05-02,india,1
2023-05-02,indiadiscussion,2
2023-05-02,indianews,5
2023-05-02,unitedstatesofindia,1
2023-05-03,IndianMeyMeys,1
2023-05-03,atheismindia,1
2023-05-03,india,1
2023-05-03,indianews,3
2023-05-03,indianmemer,2
2023-05-03,unitedstatesofindia,2
2023-05-04,IndiaSpeaks,1
2023-05-04,IndianMemeTemplates,1
2023-05-04,IndianMeyMeys,5
2023-05-04,atheismindia,1
2023-05-04,india,2
2023-05-04,indiadiscussion,1
2023-05-04,indianews,4
2023-05-04,indianmemer,3
2023-05-04,unitedstatesofindia,1
2023-05-05,IndiaSpeaks,2
2023-05-05,IndianMemeTemplates,2
2023-05-05,IndianMeyMeys,4
2023-05-05,atheismindia,1
2023-05-05,indianews,2
2023-05-05,indianmemer,2
2023-05-05,unitedstatesofindia,2
2023-05-06,IndiaSpeaks,2
2023-05-06,IndianMemeTemplates,1
2023-05-06,IndianMeyMeys,4
2023-05-06,atheismindia,3
2023-05-06,indianews,5
2023-05-06,indianmemer,1
2023-05-07,IndiaSpeaks,1
2023-05-07,IndianMemeTemplates,4
2023-05-07,IndianMeyMeys,2
2023-05-07,atheismindia,1
2023-05-07,india,1
2023-05-07,indiadiscussion,1
2023-05-07,indianews,2
2023-05-07,indianmemer,1
2023-05-08,IndiaSpeaks,2
2023-05-08,IndianMemeTemplates,1
2023-05-08,IndianMeyMeys,4
2023-05-08,atheismindia,2
2023-05-08,india,2
2023-05-08,indiadiscussion,2
2023-05-08,indianews,5
2023-05-08,indianmemer,1
2023-05-08,unitedstatesofindia,1
2023-05-09,IndiaSpeaks,2
2023-05-09,IndianMemeTemplates,2
2023-05-09,IndianMeyMeys,4
2023-05-09,atheismindia,1
2023-05-09,india,2
2023-05-09,indianews,3
2023-05-09,indianmemer,1
2023-05-09,unitedstatesofindia,1
2023-05-10,IndiaSpeaks,1
2023-05-10,IndianMeyMeys,4
2023-05-10,atheismindia,1
2023-05-10,india,2
2023-05-10,indianews,4
2023-05-10,indianmemer,1
2023-05-11,IndiaSpeaks,1
2023-05-11,IndianMemeTemplates,2
2023-05-11,IndianMeyMeys,3
2023-05-11,atheismindia,1
2023-05-11,india,1
2023-05-11,indianews,1
2023-05-11,indianmemer,1
2023-05-12,IndiaSpeaks,2
2023-05-12,IndianMeyMeys,5
2023-05-12,indianews,2
2023-05-12,indianmemer,1
2023-05-12,unitedstatesofindia,1
2023-05-13,IndianMeyMeys,5
2023-05-13,atheismindia,2
2023-05-13,india,4
2023-05-13,indianews,1
2023-05-13,indianmemer,1
2023-05-13,unitedstatesofindia,3
2023-05-14,IndiaSpeaks,2
2023-05-14,IndianMemeTemplates,2
2023-05-14,IndianMeyMeys,3
2023-05-14,atheismindia,1
2023-05-14,india,2
2023-05-14,indianews,3
2023-05-14,indianmemer,2
2023-05-14,unitedstatesofindia,3
2023-05-15,IndiaSpeaks,1
2023-05-15,IndianMemeTemplates,1
2023-05-15,atheismindia,1
2023-05-15,india,3
2023-05-15,indiadiscussion,1
2023-05-15,indianews,4
2023-05-15,indianmemer,2
2023-05-15,unitedstatesofindia,1
2023-05-16,IndianMemeTemplates,2
2023-05-16,IndianMeyMeys,1
2023-05-16,india,1
2023-05-16,indianews,3
2023-05-16,indianmemer,4
2023-05-16,unitedstatesofindia,3
2023-05-17,IndiaSpeaks,2
2023-05-17,IndianMeyMeys,6
2023-05-17,indiadiscussion,1
2023-05-17,indianews,3
2023-05-17,indianmemer,2
2023-05-17,unitedstatesofindia,1
2023-05-18,IndiaSpeaks,3
2023-05-18,IndianMemeTemplates,1
2023-05-18,IndianMeyMeys,5
2023-05-18,india,1
2023-05-18,indiadiscussion,1
2023-05-18,indianews,1
2023-05-18,indianmemer,1
2023-05-18,unitedstatesofindia,2
2023-05-19,IndiaSpeaks,1
2023-05-19,IndianMemeTemplates,1
2023-05-19,IndianMeyMeys,6
2023-05-19,atheismindia,1
2023-05-19,indiadiscussion,1
2023-05-19,indianews,2
2023-05-19,indianmemer,2
2023-05-19,unitedstatesofindia,2
2023-05-20,IndiaSpeaks,1
2023-05-20,IndianMemeTemplates,1
2023-05-20,IndianMeyMeys,5
2023-05-20,atheismindia,2
2023-05-20,india,3
2023-05-20,indianews,3
2023-05-20,indianmemer,2
2023-05-20,unitedstatesofindia,1
2023-05-21,IndiaSpeaks,1
2023-05-21,IndianMemeTemplates,3
2023-05-21,IndianMeyMeys,3
2023-05-21,india,2
2023-05-21,indiadiscussion,1
2023-05-21,indianews,1
2023-05-21,unitedstatesofindia,1
2023-05-22,IndiaSpeaks,3
2023-05-22,IndianMeyMeys,6
2023-05-22,india,5
2023-05-22,indianews,1
2023-05-22,indianmemer,2
2023-05-22,unitedstatesofindia,1
2023-05-23,IndiaSpeaks,7
2023-05-23,IndianMeyMeys,3
2023-05-23,atheismindia,2
2023-05-23,india,2
2023-05-23,indiadiscussion,2
2023-05-23,indianews,3
2023-05-23,indianmemer,2
2023-05-23,unitedstatesofindia,2
2023-05-24,IndiaSpeaks,1
2023-05-24,IndianMemeTemplates,1
2023-05-24,IndianMeyMeys,3
2023-05-24,atheismindia,2
2023-05-24,india,3
2023-05-24,indianews,4
2023-05-24,indianmemer,5
2023-05-24,unitedstatesofindia,1
2023-05-25,IndiaSpeaks,3
2023-05-25,IndianMemeTemplates,1
2023-05-25,IndianMeyMeys,4
2023-05-25,atheismindia,3
2023-05-25,india,1
2023-05-25,indiadiscussion,3
2023-05-25,indianews,1
2023-05-25,indianmemer,1
2023-05-25,unitedstatesofindia,2
2023-05-26,IndiaSpeaks,5
2023-05-26,IndianMemeTemplates,1
2023-05-26,IndianMeyMeys,3
2023-05-26,atheismindia,1
2023-05-26,india,2
2023-05-26,indianews,1
2023-05-26,unitedstatesofindia,4
2023-05-27,IndiaSpeaks,1
2023-05-27,IndianMemeTemplates,1
2023-05-27,IndianMeyMeys,3
2023-05-27,atheismindia,2
2023-05-27,india,1
2023-05-27,indiadiscussion,1
2023-05-27,indianews,5
2023-05-27,unitedstatesofindia,1
2023-05-28,IndiaSpeaks,5
2023-05-28,IndianMemeTemplates,1
2023-05-28,IndianMeyMeys,3
2023-05-28,atheismindia,3
2023-05-28,india,6
2023-05-28,indiadiscussion,1
2023-05-28,indianews,3
2023-05-28,indianmemer,1
2023-05-28,unitedstatesofindia,5
2023-05-29,IndiaSpeaks,2
2023-05-29,IndianMemeTemplates,2
2023-05-29,IndianMeyMeys,1
2023-05-29,atheismindia,1
2023-05-29,india,2
2023-05-29,indianews,3
2023-05-29,indianmemer,3
2023-05-29,unitedstatesofindia,2
2023-05-30,IndiaSpeaks,3
2023-05-30,IndianMemeTemplates,1
2023-05-30,IndianMeyMeys,3
2023-05-30,atheismindia,4
2023-05-30,india,3
2023-05-30,indiadiscussion,2
2023-05-30,indianews,1
2023-05-31,IndiaSpeaks,3
2023-05-31,IndianMemeTemplates,2
2023-05-31,IndianMeyMeys,3
2023-05-31,atheismindia,3
2023-05-31,india,2
2023-05-31,indiadiscussion,1
2023-05-31,indianews,2
2023-05-31,unitedstatesofindia,4
2023-06-01,IndiaSpeaks,2
2023-06-01,IndianMemeTemplates,1
2023-06-01,IndianMeyMeys,1
2023-06-01,atheismindia,3
2023-06-01,indianews,2
2023-06-01,unitedstatesofindia,2
2023-06-02,IndiaSpeaks,2
2023-06-02,IndianMemeTemplates,2
2023-06-02,IndianMeyMeys,7
2023-06-02,atheismindia,2
2023-06-02,india,2
2023-06-02,indianmemer,1
2023-06-02,unitedstatesofindia,4
2023-06-03,IndiaSpeaks,3
2023-06-03,IndianMemeTemplates,2
2023-06-03,IndianMeyMeys,4
2023-06-03,atheismindia,1
2023-06-03,india,1
2023-06-03,indiadiscussion,1
2023-06-03,indianews,4
2023-06-03,indianmemer,3
2023-06-03,unitedstatesofindia,3
2023-06-04,IndiaSpeaks,3
2023-06-04,IndianMemeTemplates,1
2023-06-04,IndianMeyMeys,1
2023-06-04,atheismindia,1
2023-06-04,india,1
2023-06-04,indianews,1
2023-06-04,indianmemer,4
2023-06-04,unitedstatesofindia,1
2023-06-05,IndiaSpeaks,1
2023-06-05,IndianMemeTemplates,1
2023-06-05,IndianMeyMeys,1
2023-06-05,atheismindia,3
2023-06-05,india,1
2023-06-05,indianews,1
2023-06-05,indianmemer,1
2023-06-05,unitedstatesofindia,1
2023-06-06,IndiaSpeaks,2
2023-06-06,IndianMemeTemplates,4
2023-06-06,IndianMeyMeys,1
2023-06-06,atheismindia,2
2023-06-06,india,3
2023-06-06,indianews,2
2023-06-06,indianmemer,3
2023-06-06,unitedstatesofindia,3
2023-06-07,IndiaSpeaks,2
2023-06-07,IndianMemeTemplates,2
2023-06-07,IndianMeyMeys,4
2023-06-07,atheismindia,3
2023-06-07,indiadiscussion,1
2023-06-07,indianews,1
2023-06-07,unitedstatesofindia,2
2023-06-08,IndiaSpeaks,2
2023-06-08,IndianMemeTemplates,2
2023-06-08,IndianMeyMeys,6
2023-06-08,atheismindia,2
2023-06-08,india,2
2023-06-08,indiadiscussion,1
2023-06-08,indianews,3
2023-06-08,indianmemer,2
2023-06-08,unitedstatesofindia,2
2023-06-09,IndiaSpeaks,3
2023-06-09,IndianMemeTemplates,1
2023-06-09,IndianMeyMeys,2
2023-06-09,atheismindia,1
2023-06-09,india,3
2023-06-09,indianews,2
2023-06-09,indianmemer,2
2023-06-09,unitedstatesofindia,1
2023-06-10,IndiaSpeaks,1
2023-06-10,IndianMemeTemplates,1
2023-06-10,IndianMeyMeys,2
2023-06-10,atheismindia,2
2023-06-10,indiadiscussion,1
2023-06-10,indianews,4
2023-06-10,indianmemer,2
2023-06-10,unitedstatesofindia,3
2023-06-11,IndiaSpeaks,3
2023-06-11,IndianMemeTemplates,4
2023-06-11,IndianMeyMeys,3
2023-06-11,atheismindia,1
2023-06-11,indianews,2
2023-06-11,indianmemer,2
2023-06-11,unitedstatesofindia,1
2023-06-12,IndiaSpeaks,1
2023-06-12,IndianMemeTemplates,2
2023-06-12,IndianMeyMeys,7
2023-06-12,indianews,3
2023-06-12,indianmemer,1
2023-06-13,IndiaSpeaks,2
2023-06-13,IndianMemeTemplates,4
2023-06-13,IndianMeyMeys,4
2023-06-13,indianews,3
2023-06-13,indianmemer,1
2023-06-14,IndiaSpeaks,1
2023-06-14,IndianMemeTemplates,2
2023-06-14,IndianMeyMeys,5
2023-06-14,indianews,1
2023-06-14,indianmemer,2
2023-06-15,IndiaSpeaks,2
2023-06-15,IndianMemeTemplates,3
2023-06-15,IndianMeyMeys,4
2023-06-15,indianews,1
2023-06-15,indianmemer,2
2023-06-15,unitedstatesofindia,3
2023-06-16,IndiaSpeaks,5
2023-06-16,IndianMemeTemplates,2
2023-06-16,IndianMeyMeys,7
2023-06-16,indianews,2
2023-06-16,indianmemer,2
2023-06-16,unitedstatesofindia,4
2023-06-17,IndiaSpeaks,6
2023-06-17,IndianMemeTemplates,1
2023-06-17,IndianMeyMeys,1
2023-06-17,indiadiscussion,1
2023-06-17,indianews,4
2023-06-17,indianmemer,1
2023-06-17,unitedstatesofindia,4
2023-06-18,IndiaSpeaks,2
2023-06-18,IndianMeyMeys,3
2023-06-18,india,2
2023-06-18,indiadiscussion,1
2023-06-18,indianews,2
2023-06-18,indianmemer,2
2023-06-18,unitedstatesofindia,3
2023-06-19,IndiaSpeaks,3
2023-06-19,IndianMemeTemplates,3
2023-06-19,IndianMeyMeys,4
2023-06-19,india,2
2023-06-19,indianews,3
2023-06-19,indianmemer,3
2023-06-19,unitedstatesofindia,3
2023-06-20,IndiaSpeaks,2
2023-06-20,IndianMeyMeys,3
2023-06-20,india,1
2023-06-20,indiadiscussion,1
2023-06-20,indianews,3
2023-06-20,indianmemer,1
2023-06-20,unitedstatesofindia,3
2023-06-21,IndiaSpeaks,2
2023-06-21,IndianMemeTemplates,1
2023-06-21,IndianMeyMeys,1
2023-06-21,atheismindia,1
2023-06-21,india,3
2023-06-21,indiadiscussion,2
2023-06-21,indianews,1
2023-06-21,indianmemer,2
2023-06-21,unitedstatesofindia,2
2023-06-22,IndiaSpeaks,2
2023-06-22,IndianMeyMeys,2
2023-06-22,atheismindia,1
2023-06-22,india,3
2023-06-22,indiadiscussion,1
2023-06-22,indianews,1
2023-06-22,indianmemer,1
2023-06-22,unitedstatesofindia,2
2023-06-23,IndiaSpeaks,3
2023-06-23,IndianMemeTemplates,2
2023-06-23,IndianMeyMeys,4
2023-06-23,india,2
2023-06-23,indianews,2
2023-06-23,indianmemer,3
2023-06-23,unitedstatesofindia,2
2023-06-24,IndiaSpeaks,1
2023-06-24,IndianMemeTemplates,3
2023-06-24,IndianMeyMeys,1
2023-06-24,indiadiscussion,1
2023-06-24,indianews,3
2023-06-24,indianmemer,1
2023-06-24,unitedstatesofindia,1
2023-06-25,IndiaSpeaks,2
2023-06-25,IndianMemeTemplates,4
2023-06-25,IndianMeyMeys,5
2023-06-25,atheismindia,1
2023-06-25,india,2
2023-06-25,indianews,4
2023-06-25,indianmemer,3
2023-06-25,unitedstatesofindia,2
2023-06-26,IndianMemeTemplates,2
2023-06-26,IndianMeyMeys,3
2023-06-26,india,1
2023-06-26,indiadiscussion,1
2023-06-26,indianews,2
2023-06-26,indianmemer,4
2023-06-26,unitedstatesofindia,1
2023-06-27,IndiaSpeaks,3
2023-06-27,IndianMemeTemplates,1
2023-06-27,IndianMeyMeys,1
2023-06-27,india,1
2023-06-27,indianmemer,3
2023-06-27,unitedstatesofindia,2
2023-06-28,IndiaSpeaks,4
2023-06-28,IndianMemeTemplates,2
2023-06-28,IndianMeyMeys,3
2023-06-28,india,2
2023-06-28,indiadiscussion,1
2023-06-28,indianews,1
2023-06-28,unitedstatesofindia,1
2023-06-29,IndiaSpeaks,2
2023-06-29,IndianMemeTemplates,1
2023-06-29,IndianMeyMeys,5
2023-06-29,atheismindia,1
2023-06-29,indiadiscussion,2
2023-06-29,indianmemer,3
2023-06-29,unitedstatesofindia,3
2023-06-30,IndiaSpeaks,2
2023-06-30,IndianMeyMeys,3
2023-06-30,atheismindia,1
2023-06-30,indiadiscussion,1
2023-06-30,indianews,2
2023-06-30,indianmemer,2
2023-06-30,unitedstatesofindia,1
2023-07-01,IndiaSpeaks,3
2023-07-01,IndianMemeTemplates,1
2023-07-01,IndianMeyMeys,4
2023-07-01,india,1
2023-07-01,indianews,3
2023-07-01,indianmemer,1
2023-07-01,unitedstatesofindia,2
2023-07-02,IndiaSpeaks,1
2023-07-02,IndianMemeTemplates,3
2023-07-02,IndianMeyMeys,4
2023-07-02,atheismindia,1
2023-07-02,india,1
2023-07-02,indianews,1
2023-07-02,indianmemer,2
2023-07-02,unitedstatesofindia,2
2023-07-03,IndianMemeTemplates,1
2023-07-03,IndianMeyMeys,1
2023-07-03,india,1
2023-07-03,indianews,2
2023-07-03,indianmemer,1
2023-07-03,unitedstatesofindia,2
2023-07-04,IndiaSpeaks,4
2023-07-04,IndianMemeTemplates,2
2023-07-04,IndianMeyMeys,3
2023-07-04,india,2
2023-07-04,indiadiscussion,2
2023-07-04,indianews,3
2023-07-04,indianmemer,1
2023-07-04,unitedstatesofindia,2
2023-07-05,IndiaSpeaks,3
2023-07-05,IndianMemeTemplates,2
2023-07-05,IndianMeyMeys,1
2023-07-05,indiadiscussion,1
2023-07-05,indianews,7
2023-07-05,unitedstatesofindia,3
2023-07-06,IndiaSpeaks,1
2023-07-06,IndianMemeTemplates,1
2023-07-06,IndianMeyMeys,2
2023-07-06,atheismindia,1
2023-07-06,india,1
2023-07-06,indiadiscussion,1
2023-07-06,indianews,2
2023-07-06,indianmemer,1
2023-07-06,unitedstatesofindia,1
2023-07-07,IndiaSpeaks,2
2023-07-07,IndianMeyMeys,5
2023-07-07,indiadiscussion,3
2023-07-07,indianews,2
2023-07-07,indianmemer,4
2023-07-08,IndiaSpeaks,3
2023-07-08,IndianMemeTemplates,3
2023-07-08,IndianMeyMeys,3
2023-07-08,atheismindia,1
2023-07-08,india,1
2023-07-08,indiadiscussion,1
2023-07-08,indianews,6
2023-07-08,indianmemer,4
2023-07-08,unitedstatesofindia,3
2023-07-09,IndiaSpeaks,7
2023-07-09,IndianMemeTemplates,2
2023-07-09,IndianMeyMeys,2
2023-07-09,india,1
2023-07-09,indiadiscussion,1
2023-07-09,indianews,2
2023-07-09,indianmemer,3
2023-07-09,unitedstatesofindia,2
2023-07-10,IndiaSpeaks,4
2023-07-10,IndianMemeTemplates,3
2023-07-10,IndianMeyMeys,1
2023-07-10,india,2
2023-07-10,indiadiscussion,1
2023-07-10,indianews,1
2023-07-10,indianmemer,2
2023-07-10,unitedstatesofindia,2
2023-07-11,IndiaSpeaks,4
2023-07-11,IndianMemeTemplates,4
2023-07-11,IndianMeyMeys,2
2023-07-11,india,1
2023-07-11,indiadiscussion,2
2023-07-11,indianews,2
2023-07-11,indianmemer,6
2023-07-11,unitedstatesofindia,1
2023-07-12,IndiaSpeaks,6
2023-07-12,IndianMemeTemplates,4
2023-07-12,IndianMeyMeys,1
2023-07-12,india,1
2023-07-12,indiadiscussion,1
2023-07-12,indianews,5
2023-07-12,indianmemer,3
2023-07-12,unitedstatesofindia,3
2023-07-13,IndianMemeTemplates,1
2023-07-13,IndianMeyMeys,1
2023-07-13,india,1
2023-07-13,indianews,3
2023-07-13,indianmemer,2
2023-07-13,unitedstatesofindia,3
2023-07-14,IndiaSpeaks,2
2023-07-14,IndianMemeTemplates,2
2023-07-14,IndianMeyMeys,3
2023-07-14,india,3
2023-07-14,indiadiscussion,1
2023-07-14,indianews,8
2023-07-14,indianmemer,1
2023-07-14,unitedstatesofindia,2
2023-07-15,IndiaSpeaks,3
2023-07-15,IndianMemeTemplates,5
2023-07-15,IndianMeyMeys,2
2023-07-15,india,1
2023-07-15,indiadiscussion,1
2023-07-15,indianews,3
2023-07-15,indianmemer,2
2023-07-15,unitedstatesofindia,2
2023-07-16,IndiaSpeaks,3
2023-07-16,IndianMemeTemplates,6
2023-07-16,IndianMeyMeys,2
2023-07-16,india,2
2023-07-16,indianews,1
2023-07-16,indianmemer,4
2023-07-16,unitedstatesofindia,4
2023-07-17,IndiaSpeaks,2
2023-07-17,IndianMemeTemplates,3
2023-07-17,IndianMeyMeys,2
2023-07-17,india,2
2023-07-17,indianews,3
2023-07-17,indianmemer,1
2023-07-17,unitedstatesofindia,2
2023-07-18,IndiaSpeaks,2
2023-07-18,IndianMemeTemplates,3
2023-07-18,IndianMeyMeys,6
2023-07-18,india,2
2023-07-18,indiadiscussion,2
2023-07-18,indianews,3
2023-07-18,indianmemer,1
2023-07-18,unitedstatesofindia,2
2023-07-19,IndiaSpeaks,1
2023-07-19,IndianMemeTemplates,1
2023-07-19,IndianMeyMeys,4
2023-07-19,indianews,4
2023-07-19,indianmemer,2
2023-07-19,unitedstatesofindia,5
2023-07-20,IndiaSpeaks,1
2023-07-20,IndianMemeTemplates,1
2023-07-20,IndianMeyMeys,1
2023-07-20,india,1
2023-07-20,indiadiscussion,1
2023-07-20,indianews,3
2023-07-20,indianmemer,4
2023-07-20,unitedstatesofindia,3
2023-07-21,IndiaSpeaks,1
2023-07-21,IndianMemeTemplates,1
2023-07-21,IndianMeyMeys,2
2023-07-21,atheismindia,3
2023-07-21,india,1
2023-07-21,indianews,2
2023-07-21,indianmemer,3
2023-07-21,unitedstatesofindia,5
2023-07-22,IndiaSpeaks,1
2023-07-22,IndianMemeTemplates,2
2023-07-22,IndianMeyMeys,6
2023-07-22,atheismindia,1
2023-07-22,india,2
2023-07-22,indianews,3
2023-07-22,indianmemer,4
2023-07-22,unitedstatesofindia,2
2023-07-23,IndiaSpeaks,3
2023-07-23,IndianMemeTemplates,1
2023-07-23,IndianMeyMeys,2
2023-07-23,atheismindia,4
2023-07-23,india,3
2023-07-23,indiadiscussion,1
2023-07-23,indianews,2
2023-07-23,indianmemer,2
2023-07-23,unitedstatesofindia,2
2023-07-24,IndiaSpeaks,3
2023-07-24,IndianMemeTemplates,1
2023-07-24,IndianMeyMeys,6
2023-07-24,atheismindia,1
2023-07-24,indiadiscussion,1
2023-07-24,indianews,2
2023-07-24,indianmemer,3
2023-07-24,unitedstatesofindia,5
2023-07-25,IndiaSpeaks,1
2023-07-25,IndianMemeTemplates,3
2023-07-25,IndianMeyMeys,6
2023-07-25,atheismindia,2
2023-07-25,india,2
2023-07-25,indiadiscussion,2
2023-07-25,indianmemer,2
2023-07-25,unitedstatesofindia,4
2023-07-26,IndianMeyMeys,5
2023-07-26,atheismindia,1
2023-07-26,india,1
2023-07-26,indiadiscussion,4
2023-07-26,indianews,3
2023-07-26,indianmemer,3
2023-07-26,unitedstatesofindia,2
2023-07-27,IndiaSpeaks,1
2023-07-27,IndianMemeTemplates,1
2023-07-27,IndianMeyMeys,4
2023-07-27,india,2
2023-07-27,indiadiscussion,3
2023-07-27,indianews,3
2023-07-27,indianmemer,3
2023-07-27,unitedstatesofindia,5
2023-07-28,IndiaSpeaks,2
2023-07-28,IndianMemeTemplates,5
2023-07-28,IndianMeyMeys,4
2023-07-28,atheismindia,3
2023-07-28,india,2
2023-07-28,indiadiscussion,3
2023-07-28,unitedstatesofindia,1
2023-07-29,IndiaSpeaks,4
2023-07-29,IndianMemeTemplates,2
2023-07-29,IndianMeyMeys,5
2023-07-29,india,3
2023-07-29,indiadiscussion,2
2023-07-29,indianews,4
2023-07-29,indianmemer,3
2023-07-29,unitedstatesofindia,3
2023-07-30,IndiaSpeaks,2
2023-07-30,IndianMeyMeys,2
2023-07-30,atheismindia,1
2023-07-30,india,1
2023-07-30,indiadiscussion,1
2023-07-30,indianews,1
2023-07-30,unitedstatesofindia,2
2023-07-31,IndiaSpeaks,1
2023-07-31,IndianMemeTemplates,2
2023-07-31,IndianMeyMeys,2
2023-07-31,atheismindia,2
2023-07-31,indiadiscussion,1
2023-07-31,indianews,6
2023-07-31,indianmemer,2
2023-07-31,unitedstatesofindia,3
2023-08-01,IndiaSpeaks,1
2023-08-01,IndianMemeTemplates,1
2023-08-01,IndianMeyMeys,2
2023-08-01,india,2
2023-08-01,indiadiscussion,1
2023-08-01,indianews,4
2023-08-01,indianmemer,5
2023-08-01,unitedstatesofindia,4
2023-08-02,IndiaSpeaks,1
2023-08-02,IndianMemeTemplates,3
2023-08-02,IndianMeyMeys,6
2023-08-02,indiadiscussion,1
2023-08-02,indianews,4
2023-08-02,unitedstatesofindia,1
2023-08-03,IndiaSpeaks,1
2023-08-03,IndianMemeTemplates,4
2023-08-03,IndianMeyMeys,2
2023-08-03,atheismindia,1
2023-08-03,india,1
2023-08-03,indiadiscussion,1
2023-08-03,indianews,4
2023-08-03,indianmemer,1
2023-08-03,unitedstatesofindia,1
2023-08-04,IndianMeyMeys,9
2023-08-04,atheismindia,2
2023-08-04,indiadiscussion,1
2023-08-04,indianews,4
2023-08-04,indianmemer,1
2023-08-04,unitedstatesofindia,5
2023-08-05,IndiaSpeaks,1
2023-08-05,IndianMemeTemplates,5
2023-08-05,IndianMeyMeys,3
2023-08-05,atheismindia,1
2023-08-05,india,2
2023-08-05,indiadiscussion,1
2023-08-05,indianews,8
2023-08-05,indianmemer,4
2023-08-05,unitedstatesofindia,2
2023-08-06,IndiaSpeaks,2
2023-08-06,IndianMemeTemplates,2
2023-08-06,IndianMeyMeys,4
2023-08-06,atheismindia,2
2023-08-06,india,3
2023-08-06,indianews,6
2023-08-06,unitedstatesofindia,1
2023-08-07,IndianMemeTemplates,6
2023-08-07,IndianMeyMeys,2
2023-08-07,atheismindia,3
2023-08-07,india,1
2023-08-07,indiadiscussion,2
2023-08-07,indianews,5
2023-08-07,indianmemer,1
2023-08-07,unitedstatesofindia,2
2023-08-08,IndiaSpeaks,1
2023-08-08,IndianMemeTemplates,1
2023-08-08,IndianMeyMeys,2
2023-08-08,atheismindia,4
2023-08-08,indiadiscussion,1
2023-08-08,indianews,3
2023-08-08,indianmemer,3
2023-08-08,unitedstatesofindia,2
2023-08-09,IndianMemeTemplates,5
2023-08-09,IndianMeyMeys,4
2023-08-09,atheismindia,2
2023-08-09,india,1
2023-08-09,indianews,3
2023-08-09,unitedstatesofindia,3
2023-08-10,IndiaSpeaks,3
2023-08-10,IndianMemeTemplates,2
2023-08-10,IndianMeyMeys,6
2023-08-10,atheismindia,2
2023-08-10,india,1
2023-08-10,indiadiscussion,1
2023-08-10,indianews,1
2023-08-10,indianmemer,2
2023-08-10,unitedstatesofindia,3
2023-08-11,IndiaSpeaks,3
2023-08-11,IndianMemeTemplates,4
2023-08-11,IndianMeyMeys,6
2023-08-11,atheismindia,2
2023-08-11,india,1
2023-08-11,indianews,3
2023-08-11,unitedstatesofindia,2
2023-08-12,IndianMemeTemplates,4
2023-08-12,atheismindia,1
2023-08-12,india,2
2023-08-12,indiadiscussion,3
2023-08-12,indianews,2
2023-08-12,unitedstatesofindia,4
2023-08-13,IndiaSpeaks,1
2023-08-13,IndianMemeTemplates,3
2023-08-13,IndianMeyMeys,2
2023-08-13,atheismindia,1
2023-08-13,indiadiscussion,3
2023-08-13,indianews,1
2023-08-13,indianmemer,1
2023-08-14,IndiaSpeaks,3
2023-08-14,IndianMemeTemplates,4
2023-08-14,IndianMeyMeys,3
2023-08-14,atheismindia,1
2023-08-14,india,1
2023-08-14,indiadiscussion,5
2023-08-14,indianews,2
2023-08-14,indianmemer,2
2023-08-14,unitedstatesofindia,1
2023-08-15,IndiaSpeaks,5
2023-08-15,IndianMemeTemplates,4
2023-08-15,IndianMeyMeys,2
2023-08-15,india,1
2023-08-15,indiadiscussion,2
2023-08-15,indianews,2
2023-08-15,indianmemer,3
2023-08-15,unitedstatesofindia,2
2023-08-16,IndiaSpeaks,1
2023-08-16,IndianMemeTemplates,2
2023-08-16,IndianMeyMeys,3
2023-08-16,india,1
2023-08-16,indiadiscussion,1
2023-08-16,indianews,2
2023-08-16,indianmemer,1
2023-08-16,unitedstatesofindia,1
2023-08-17,IndianMeyMeys,6
2023-08-17,atheismindia,1
2023-08-17,india,2
2023-08-17,indiadiscussion,2
2023-08-17,indianews,3
2023-08-17,indianmemer,2
2023-08-17,unitedstatesofindia,2
2023-08-18,IndiaSpeaks,1
2023-08-18,IndianMemeTemplates,3
2023-08-18,IndianMeyMeys,2
2023-08-18,atheismindia,1
2023-08-18,india,1
2023-08-18,indiadiscussion,3
2023-08-18,unitedstatesofindia,2
2023-08-19,IndiaSpeaks,3
2023-08-19,IndianMemeTemplates,5
2023-08-19,IndianMeyMeys,3
2023-08-19,india,1
2023-08-19,indiadiscussion,1
2023-08-19,indianews,1
2023-08-19,indianmemer,1
2023-08-19,unitedstatesofindia,4
2023-08-20,IndiaSpeaks,1
2023-08-20,IndianMemeTemplates,4
2023-08-20,IndianMeyMeys,4
2023-08-20,india,2
2023-08-20,indianews,4
2023-08-20,indianmemer,1
2023-08-20,unitedstatesofindia,1
2023-08-21,IndiaSpeaks,1
2023-08-21,IndianMemeTemplates,3
2023-08-21,IndianMeyMeys,1
2023-08-21,atheismindia,2
2023-08-21,india,1
2023-08-21,indiadiscussion,3
2023-08-21,indianmemer,2
2023-08-21,unitedstatesofindia,3
2023-08-22,IndiaSpeaks,2
2023-08-22,IndianMemeTemplates,3
2023-08-22,IndianMeyMeys,4
2023-08-22,atheismindia,4
2023-08-22,india,2
2023-08-22,indiadiscussion,5
2023-08-22,indianews,2
2023-08-22,unitedstatesofindia,1
2023-08-23,IndiaSpeaks,5
2023-08-23,IndianMemeTemplates,4
2023-08-23,IndianMeyMeys,4
2023-08-23,atheismindia,2
2023-08-23,india,3
2023-08-23,indiadiscussion,5
2023-08-23,indianews,8
2023-08-23,indianmemer,2
2023-08-23,unitedstatesofindia,5
2023-08-24,IndiaSpeaks,6
2023-08-24,IndianMemeTemplates,4
2023-08-24,IndianMeyMeys,2
2023-08-24,atheismindia,3
2023-08-24,indiadiscussion,2
2023-08-24,indianews,5
2023-08-24,unitedstatesofindia,5
2023-08-25,IndiaSpeaks,4
2023-08-25,IndianMemeTemplates,2
2023-08-25,atheismindia,4
2023-08-25,india,1
2023-08-25,indiadiscussion,3
2023-08-25,indianews,2
2023-08-25,indianmemer,2
2023-08-25,unitedstatesofindia,1
2023-08-26,IndiaSpeaks,2
2023-08-26,IndianMemeTemplates,1
2023-08-26,IndianMeyMeys,1
2023-08-26,atheismindia,1
2023-08-26,india,2
2023-08-26,indiadiscussion,3
2023-08-26,indianmemer,3
2023-08-26,unitedstatesofindia,1
2023-08-27,IndiaSpeaks,2
2023-08-27,IndianMemeTemplates,3
2023-08-27,IndianMeyMeys,4
2023-08-27,atheismindia,2
2023-08-27,indiadiscussion,4
2023-08-27,indianews,1
2023-08-27,unitedstatesofindia,4
2023-08-28,IndiaSpeaks,2
2023-08-28,IndianMemeTemplates,3
2023-08-28,india,3
2023-08-28,indiadiscussion,3
2023-08-28,indianews,4
2023-08-28,indianmemer,1
2023-08-28,unitedstatesofindia,2
2023-08-29,IndiaSpeaks,1
2023-08-29,IndianMemeTemplates,3
2023-08-29,IndianMeyMeys,1
2023-08-29,atheismindia,1
2023-08-29,india,1
2023-08-29,indiadiscussion,2
2023-08-29,indianews,4
2023-08-29,indianmemer,1
2023-08-30,IndiaSpeaks,3
2023-08-30,IndianMemeTemplates,3
2023-08-30,IndianMeyMeys,6
2023-08-30,atheismindia,1
2023-08-30,india,1
2023-08-30,indiadiscussion,4
2023-08-30,indianews,1
2023-08-30,indianmemer,1
2023-08-30,unitedstatesofindia,1
2023-08-31,IndiaSpeaks,2
2023-08-31,IndianMemeTemplates,2
2023-08-31,IndianMeyMeys,1
2023-08-31,indiadiscussion,2
2023-08-31,indianews,1
2023-09-01,IndiaSpeaks,1
2023-09-01,IndianMemeTemplates,1
2023-09-01,IndianMeyMeys,1
2023-09-01,india,1
2023-09-01,indiadiscussion,1
2023-09-01,indianews,2
2023-09-01,unitedstatesofindia,1
2023-09-02,IndianMemeTemplates,4
2023-09-02,IndianMeyMeys,1
2023-09-02,atheismindia,2
2023-09-02,india,2
2023-09-02,indiadiscussion,1
2023-09-02,indianmemer,1
2023-09-02,unitedstatesofindia,2
2023-09-03,IndiaSpeaks,1
2023-09-03,IndianMemeTemplates,1
2023-09-03,IndianMeyMeys,2
2023-09-03,atheismindia,2
2023-09-03,india,2
2023-09-03,indiadiscussion,2
2023-09-03,indianews,2
2023-09-03,unitedstatesofindia,4
2023-09-04,IndiaSpeaks,1
2023-09-04,IndianMemeTemplates,3
2023-09-04,IndianMeyMeys,3
2023-09-04,atheismindia,2
2023-09-04,india,2
2023-09-04,indiadiscussion,3
2023-09-04,unitedstatesofindia,3
2023-09-05,IndianMemeTemplates,3
2023-09-05,IndianMeyMeys,2
2023-09-05,india,3
2023-09-05,indianews,2
2023-09-05,indianmemer,2
2023-09-05,unitedstatesofindia,2
2023-09-06,IndiaSpeaks,3
2023-09-06,IndianMemeTemplates,1
2023-09-06,IndianMeyMeys,3
2023-09-06,indianmemer,1
2023-09-06,unitedstatesofindia,3
2023-09-07,IndianMemeTemplates,2
2023-09-07,IndianMeyMeys,1
2023-09-07,atheismindia,2
2023-09-07,india,1
2023-09-07,indianmemer,1
2023-09-08,IndiaSpeaks,1
2023-09-08,IndianMemeTemplates,1
2023-09-08,atheismindia,2
2023-09-08,india,1
2023-09-08,indiadiscussion,3
2023-09-08,indianmemer,1
2023-09-08,unitedstatesofindia,6
2023-09-09,IndiaSpeaks,1
2023-09-09,IndianMemeTemplates,2
2023-09-09,IndianMeyMeys,3
2023-09-09,atheismindia,2
2023-09-09,india,3
2023-09-09,indiadiscussion,3
2023-09-09,indianews,1
2023-09-09,unitedstatesofindia,2
2023-09-10,IndiaSpeaks,1
2023-09-10,IndianMemeTemplates,2
2023-09-10,IndianMeyMeys,2
2023-09-10,atheismindia,1
2023-09-10,indiadiscussion,3
2023-09-10,unitedstatesofindia,2
2023-09-11,IndiaSpeaks,2
2023-09-11,IndianMemeTemplates,2
2023-09-11,IndianMeyMeys,3
2023-09-11,atheismindia,4
2023-09-11,indiadiscussion,2
2023-09-11,indianews,1
2023-09-11,unitedstatesofindia,2
2023-09-12,IndiaSpeaks,3
2023-09-12,IndianMemeTemplates,2
2023-09-12,atheismindia,3
2023-09-12,india,4
2023-09-12,indiadiscussion,2
2023-09-12,indianmemer,1
2023-09-13,IndiaSpeaks,2
2023-09-13,IndianMemeTemplates,2
2023-09-13,IndianMeyMeys,4
2023-09-13,india,3
2023-09-13,indiadiscussion,2
2023-09-13,indianews,1
2023-09-13,indianmemer,2
2023-09-13,unitedstatesofindia,1
2023-09-14,IndiaSpeaks,1
2023-09-14,IndianMemeTemplates,3
2023-09-14,IndianMeyMeys,2
2023-09-14,atheismindia,3
2023-09-14,india,3
2023-09-14,indiadiscussion,2
2023-09-14,indianews,1
2023-09-14,unitedstatesofindia,3
2023-09-15,IndiaSpeaks,2
2023-09-15,IndianMemeTemplates,1
2023-09-15,IndianMeyMeys,4
2023-09-15,atheismindia,4
2023-09-15,indiadiscussion,1
2023-09-15,indianews,2
2023-09-15,unitedstatesofindia,2
2023-09-16,IndiaSpeaks,1
2023-09-16,IndianMemeTemplates,1
2023-09-16,IndianMeyMeys,2
2023-09-16,atheismindia,2
2023-09-16,india,1
2023-09-16,indiadiscussion,5
2023-09-16,indianews,2
2023-09-16,indianmemer,3
2023-09-16,unitedstatesofindia,1
2023-09-17,IndiaSpeaks,2
2023-09-17,IndianMemeTemplates,1
2023-09-17,IndianMeyMeys,4
2023-09-17,atheismindia,4
2023-09-17,india,2
2023-09-17,indiadiscussion,3
2023-09-17,indianmemer,3
2023-09-17,unitedstatesofindia,3
2023-09-18,IndiaSpeaks,2
2023-09-18,IndianMemeTemplates,3
2023-09-18,IndianMeyMeys,3
2023-09-18,atheismindia,1
2023-09-18,india,2
2023-09-18,indianews,1
2023-09-18,unitedstatesofindia,2
2023-09-19,IndiaSpeaks,4
2023-09-19,IndianMemeTemplates,2
2023-09-19,IndianMeyMeys,3
2023-09-19,atheismindia,2
2023-09-19,india,3
2023-09-19,indiadiscussion,5
2023-09-19,indianews,1
2023-09-19,indianmemer,1
2023-09-19,unitedstatesofindia,1
2023-09-20,IndiaSpeaks,5
2023-09-20,IndianMemeTemplates,1
2023-09-20,IndianMeyMeys,6
2023-09-20,atheismindia,2
2023-09-20,india,2
2023-09-20,indiadiscussion,3
2023-09-20,indianews,1
2023-09-20,unitedstatesofindia,1
2023-09-21,IndianMemeTemplates,4
2023-09-21,IndianMeyMeys,8
2023-09-21,atheismindia,3
2023-09-21,india,3
2023-09-21,indiadiscussion,3
2023-09-21,indianews,4
2023-09-21,indianmemer,4
2023-09-21,unitedstatesofindia,1
2023-09-22,IndiaSpeaks,5
2023-09-22,IndianMemeTemplates,1
2023-09-22,IndianMeyMeys,5
2023-09-22,atheismindia,1
2023-09-22,india,2
2023-09-22,indiadiscussion,3
2023-09-22,indianews,2
2023-09-22,indianmemer,3
2023-09-22,unitedstatesofindia,2
2023-09-23,IndiaSpeaks,1
2023-09-23,IndianMemeTemplates,4
2023-09-23,IndianMeyMeys,2
2023-09-23,atheismindia,4
2023-09-23,india,2
2023-09-23,indiadiscussion,1
2023-09-23,indianews,2
2023-09-23,unitedstatesofindia,1
2023-09-24,IndiaSpeaks,3
2023-09-24,IndianMemeTemplates,4
2023-09-24,IndianMeyMeys,2
2023-09-24,atheismindia,2
2023-09-24,india,1
2023-09-24,indiadiscussion,3
2023-09-24,indianews,1
2023-09-24,indianmemer,4
2023-09-24,unitedstatesofindia,1
2023-09-25,IndiaSpeaks,1
2023-09-25,IndianMemeTemplates,3
2023-09-25,IndianMeyMeys,2
2023-09-25,atheismindia,1
2023-09-25,india,1
2023-09-25,indiadiscussion,3
2023-09-25,indianmemer,5
2023-09-25,unitedstatesofindia,2
2023-09-26,IndiaSpeaks,3
2023-09-26,IndianMemeTemplates,3
2023-09-26,IndianMeyMeys,10
2023-09-26,atheismindia,1
2023-09-26,indiadiscussion,3
2023-09-26,indianews,1
2023-09-26,indianmemer,4
2023-09-26,unitedstatesofindia,2
2023-09-27,IndiaSpeaks,2
2023-09-27,IndianMemeTemplates,3
2023-09-27,IndianMeyMeys,4
2023-09-27,atheismindia,5
2023-09-27,india,1
2023-09-27,indiadiscussion,1
2023-09-27,indianews,3
2023-09-27,indianmemer,4
2023-09-27,unitedstatesofindia,1
2023-09-28,IndiaSpeaks,4
2023-09-28,IndianMemeTemplates,2
2023-09-28,IndianMeyMeys,8
2023-09-28,atheismindia,2
2023-09-28,india,1
2023-09-28,indiadiscussion,4
2023-09-28,indianews,2
2023-09-28,indianmemer,3
2023-09-28,unitedstatesofindia,2
2023-09-29,IndiaSpeaks,4
2023-09-29,IndianMemeTemplates,4
2023-09-29,IndianMeyMeys,3
2023-09-29,atheismindia,2
2023-09-29,india,1
2023-09-29,indiadiscussion,3
2023-09-29,indianmemer,4
2023-09-29,unitedstatesofindia,1
2023-09-30,IndiaSpeaks,3
2023-09-30,IndianMemeTemplates,1
2023-09-30,IndianMeyMeys,9
2023-09-30,atheismindia,1
2023-09-30,india,1
2023-09-30,indiadiscussion,2
2023-09-30,indianmemer,5
2023-09-30,unitedstatesofindia,2
2023-10-01,IndiaSpeaks,2
2023-10-01,IndianMemeTemplates,3
2023-10-01,IndianMeyMeys,7
2023-10-01,atheismindia,2
2023-10-01,india,3
2023-10-01,indiadiscussion,3
2023-10-01,indianmemer,1
2023-10-02,IndiaSpeaks,2
2023-10-02,IndianMemeTemplates,4
2023-10-02,IndianMeyMeys,9
2023-10-02,india,1
2023-10-02,indiadiscussion,1
2023-10-02,indianmemer,1
2023-10-02,unitedstatesofindia,4
2023-10-03,IndianMemeTemplates,4
2023-10-03,IndianMeyMeys,3
2023-10-03,atheismindia,2
2023-10-03,india,1
2023-10-03,indiadiscussion,3
2023-10-03,indianews,1
2023-10-03,indianmemer,5
2023-10-03,unitedstatesofindia,5
2023-10-04,IndiaSpeaks,4
2023-10-04,IndianMemeTemplates,6
2023-10-04,IndianMeyMeys,8
2023-10-04,atheismindia,3
2023-10-04,indiadiscussion,2
2023-10-04,indianmemer,1
2023-10-05,IndiaSpeaks,1
2023-10-05,IndianMemeTemplates,5
2023-10-05,IndianMeyMeys,6
2023-10-05,atheismindia,2
2023-10-05,indiadiscussion,2
2023-10-05,indianmemer,2
2023-10-05,unitedstatesofindia,5
2023-10-06,IndianMemeTemplates,3
2023-10-06,IndianMeyMeys,4
2023-10-06,india,3
2023-10-06,indiadiscussion,5
2023-10-06,indianews,2
2023-10-06,indianmemer,2
2023-10-06,unitedstatesofindia,1
2023-10-07,IndiaSpeaks,2
2023-10-07,IndianMemeTemplates,6
2023-10-07,IndianMeyMeys,1
2023-10-07,atheismindia,2
2023-10-07,india,1
2023-10-07,indiadiscussion,4
2023-10-07,indianews,4
2023-10-07,indianmemer,3
2023-10-07,unitedstatesofindia,3
2023-10-08,IndiaSpeaks,3
2023-10-08,IndianMemeTemplates,7
2023-10-08,IndianMeyMeys,3
2023-10-08,atheismindia,2
2023-10-08,indiadiscussion,6
2023-10-08,indianews,1
2023-10-08,indianmemer,5
2023-10-09,IndianMemeTemplates,5
2023-10-09,IndianMeyMeys,4
2023-10-09,india,1
2023-10-09,indiadiscussion,4
2023-10-09,indianews,2
2023-10-09,indianmemer,2
2023-10-09,unitedstatesofindia,2
2023-10-10,IndiaSpeaks,2
2023-10-10,IndianMemeTemplates,4
2023-10-10,IndianMeyMeys,4
2023-10-10,atheismindia,2
2023-10-10,india,3
2023-10-10,indiadiscussion,1
2023-10-10,indianews,1
2023-10-10,indianmemer,1
2023-10-10,unitedstatesofindia,3
2023-10-11,IndiaSpeaks,4
2023-10-11,IndianMemeTemplates,5
2023-10-11,IndianMeyMeys,4
2023-10-11,indiadiscussion,1
2023-10-11,indianmemer,3
2023-10-11,unitedstatesofindia,2
2023-10-12,IndiaSpeaks,2
2023-10-12,IndianMemeTemplates,4
2023-10-12,IndianMeyMeys,3
2023-10-12,india,2
2023-10-12,indiadiscussion,4
2023-10-12,indianews,1
2023-10-12,indianmemer,2
2023-10-12,unitedstatesofindia,1
2023-10-13,IndiaSpeaks,3
2023-10-13,IndianMemeTemplates,6
2023-10-13,IndianMeyMeys,5
2023-10-13,india,1
2023-10-13,indianmemer,1
2023-10-13,unitedstatesofindia,3
2023-10-14,IndiaSpeaks,3
2023-10-14,IndianMemeTemplates,4
2023-10-14,IndianMeyMeys,2
2023-10-14,atheismindia,2
2023-10-14,indiadiscussion,5
2023-10-14,indianews,1
2023-10-14,indianmemer,2
2023-10-14,unitedstatesofindia,2
2023-10-15,IndiaSpeaks,3
2023-10-15,IndianMemeTemplates,4
2023-10-15,IndianMeyMeys,4
2023-10-15,atheismindia,1
2023-10-15,india,2
2023-10-15,indiadiscussion,8
2023-10-15,indianews,2
2023-10-15,indianmemer,2
2023-10-15,unitedstatesofindia,3
2023-10-16,IndiaSpeaks,3
2023-10-16,IndianMemeTemplates,5
2023-10-16,IndianMeyMeys,4
2023-10-16,indiadiscussion,5
2023-10-16,indianmemer,2
2023-10-17,IndiaSpeaks,3
2023-10-17,IndianMemeTemplates,3
2023-10-17,IndianMeyMeys,5
2023-10-17,atheismindia,4
2023-10-17,india,1
2023-10-17,indiadiscussion,6
2023-10-17,indianmemer,4
2023-10-17,unitedstatesofindia,2
2023-10-18,IndiaSpeaks,3
2023-10-18,IndianMemeTemplates,3
2023-10-18,IndianMeyMeys,3
2023-10-18,indiadiscussion,2
2023-10-18,indianews,1
2023-10-18,indianmemer,3
2023-10-18,unitedstatesofindia,1
2023-10-19,IndiaSpeaks,2
2023-10-19,IndianMemeTemplates,4
2023-10-19,atheismindia,1
2023-10-19,indianews,2
2023-10-19,indianmemer,5
2023-10-20,IndiaSpeaks,2
2023-10-20,IndianMemeTemplates,5
2023-10-20,indiadiscussion,2
2023-10-20,indianews,2
2023-10-20,indianmemer,3
2023-10-20,unitedstatesofindia,1
2023-10-21,IndiaSpeaks,3
2023-10-21,IndianMemeTemplates,2
2023-10-21,IndianMeyMeys,6
2023-10-21,india,3
2023-10-21,indianmemer,1
2023-10-22,IndiaSpeaks,4
2023-10-22,IndianMemeTemplates,3
2023-10-22,IndianMeyMeys,1
2023-10-22,atheismindia,3
2023-10-22,india,1
2023-10-22,indiadiscussion,4
2023-10-22,indianmemer,4
2023-10-22,unitedstatesofindia,2
2023-10-23,IndiaSpeaks,1
2023-10-23,IndianMemeTemplates,2
2023-10-23,IndianMeyMeys,1
2023-10-23,atheismindia,2
2023-10-23,indiadiscussion,4
2023-10-23,indianews,1
2023-10-23,indianmemer,3
2023-10-23,unitedstatesofindia,1
2023-10-24,IndiaSpeaks,4
2023-10-24,IndianMemeTemplates,1
2023-10-24,IndianMeyMeys,4
2023-10-24,atheismindia,3
2023-10-24,india,1
2023-10-24,indiadiscussion,3
2023-10-24,indianmemer,5
2023-10-24,unitedstatesofindia,2
2023-10-25,IndianMemeTemplates,3
2023-10-25,IndianMeyMeys,5
2023-10-25,atheismindia,2
2023-10-25,india,1
2023-10-25,indiadiscussion,1
2023-10-25,indianmemer,5
2023-10-26,IndiaSpeaks,3
2023-10-26,IndianMemeTemplates,5
2023-10-26,IndianMeyMeys,3
2023-10-26,atheismindia,2
2023-10-26,india,3
2023-10-26,indiadiscussion,2
2023-10-26,indianews,1
2023-10-26,indianmemer,4
2023-10-26,unitedstatesofindia,3
2023-10-27,IndiaSpeaks,3
2023-10-27,IndianMemeTemplates,3
2023-10-27,IndianMeyMeys,2
2023-10-27,atheismindia,2
2023-10-27,indianmemer,4
2023-10-27,unitedstatesofindia,3
2023-10-28,IndiaSpeaks,1
2023-10-28,IndianMemeTemplates,3
2023-10-28,IndianMeyMeys,4
2023-10-28,atheismindia,2
2023-10-28,india,4
2023-10-28,indiadiscussion,1
2023-10-28,indianmemer,4
2023-10-28,unitedstatesofindia,1
2023-10-29,IndiaSpeaks,2
2023-10-29,IndianMemeTemplates,5
2023-10-29,IndianMeyMeys,2
2023-10-29,atheismindia,5
2023-10-29,india,2
2023-10-29,indiadiscussion,2
2023-10-29,indianmemer,3
2023-10-29,unitedstatesofindia,2
2023-10-30,IndiaSpeaks,2
2023-10-30,IndianMemeTemplates,4
2023-10-30,IndianMeyMeys,5
2023-10-30,atheismindia,4
2023-10-30,india,1
2023-10-30,indiadiscussion,2
2023-10-30,indianmemer,3
2023-10-30,unitedstatesofindia,1
2023-10-31,IndiaSpeaks,2
2023-10-31,IndianMemeTemplates,3
2023-10-31,IndianMeyMeys,2
2023-10-31,atheismindia,1
2023-10-31,india,4
2023-10-31,indianmemer,5
2023-10-31,unitedstatesofindia,3
2023-11-01,IndiaSpeaks,2
2023-11-01,IndianMemeTemplates,3
2023-11-01,IndianMeyMeys,1
2023-11-01,atheismindia,3
2023-11-01,india,1
2023-11-01,indiadiscussion,1
2023-11-01,indianews,3
2023-11-01,indianmemer,8
2023-11-02,IndiaSpeaks,1
2023-11-02,IndianMemeTemplates,2
2023-11-02,IndianMeyMeys,1
2023-11-02,atheismindia,4
2023-11-02,india,4
2023-11-02,indiadiscussion,2
2023-11-02,indianmemer,2
2023-11-02,unitedstatesofindia,1
2023-11-03,IndiaSpeaks,3
2023-11-03,IndianMemeTemplates,4
2023-11-03,IndianMeyMeys,4
2023-11-03,atheismindia,1
2023-11-03,india,3
2023-11-03,indianews,1
2023-11-03,indianmemer,4
2023-11-03,unitedstatesofindia,2
2023-11-04,IndiaSpeaks,6
2023-11-04,IndianMemeTemplates,6
2023-11-04,IndianMeyMeys,2
2023-11-04,atheismindia,3
2023-11-04,india,2
2023-11-04,indiadiscussion,2
2023-11-04,indianews,1
2023-11-04,indianmemer,7
2023-11-04,unitedstatesofindia,2
2023-11-05,IndiaSpeaks,5
2023-11-05,IndianMemeTemplates,4
2023-11-05,IndianMeyMeys,1
2023-11-05,atheismindia,2
2023-11-05,india,3
2023-11-05,indiadiscussion,2
2023-11-05,unitedstatesofindia,1
2023-11-06,IndiaSpeaks,3
2023-11-06,IndianMemeTemplates,4
2023-11-06,IndianMeyMeys,2
2023-11-06,atheismindia,3
2023-11-06,india,1
2023-11-06,indiadiscussion,5
2023-11-06,indianews,1
2023-11-06,indianmemer,6
2023-11-06,unitedstatesofindia,2
2023-11-07,IndiaSpeaks,2
2023-11-07,IndianMemeTemplates,2
2023-11-07,IndianMeyMeys,3
2023-11-07,atheismindia,2
2023-11-07,india,4
2023-11-07,indiadiscussion,1
2023-11-07,indianmemer,3
2023-11-07,unitedstatesofindia,2
2023-11-08,IndianMemeTemplates,3
2023-11-08,atheismindia,1
2023-11-08,india,2
2023-11-08,indiadiscussion,2
2023-11-08,indianmemer,4
2023-11-08,unitedstatesofindia,3
2023-11-09,IndiaSpeaks,2
2023-11-09,IndianMemeTemplates,3
2023-11-09,IndianMeyMeys,2
2023-11-09,atheismindia,2
2023-11-09,indiadiscussion,2
2023-11-09,indianmemer,5
2023-11-09,unitedstatesofindia,1
2023-11-10,IndiaSpeaks,4
2023-11-10,IndianMemeTemplates,4
2023-11-10,IndianMeyMeys,1
2023-11-10,atheismindia,3
2023-11-10,india,2
2023-11-10,indiadiscussion,1
2023-11-10,indianmemer,1
2023-11-10,unitedstatesofindia,3
2023-11-11,IndiaSpeaks,3
2023-11-11,IndianMemeTemplates,4
2023-11-11,IndianMeyMeys,3
2023-11-11,atheismindia,1
2023-11-11,india,1
2023-11-11,indiadiscussion,2
2023-11-11,indianmemer,2
2023-11-11,unitedstatesofindia,2
2023-11-12,IndiaSpeaks,6
2023-11-12,IndianMemeTemplates,3
2023-11-12,IndianMeyMeys,4
2023-11-12,atheismindia,4
2023-11-12,india,3
2023-11-12,indiadiscussion,2
2023-11-12,indianmemer,4
2023-11-12,unitedstatesofindia,4
2023-11-13,IndiaSpeaks,4
2023-11-13,IndianMemeTemplates,7
2023-11-13,IndianMeyMeys,2
2023-11-13,atheismindia,4
2023-11-13,india,2
2023-11-13,indiadiscussion,1
2023-11-13,indianmemer,4
2023-11-13,unitedstatesofindia,3
2023-11-14,IndiaSpeaks,5
2023-11-14,IndianMemeTemplates,5
2023-11-14,IndianMeyMeys,3
2023-11-14,atheismindia,4
2023-11-14,india,2
2023-11-14,indiadiscussion,1
2023-11-14,indianmemer,1
2023-11-14,unitedstatesofindia,1
2023-11-15,IndiaSpeaks,5
2023-11-15,IndianMemeTemplates,4
2023-11-15,IndianMeyMeys,2
2023-11-15,atheismindia,3
2023-11-15,india,1
2023-11-15,indiadiscussion,2
2023-11-15,indianews,1
2023-11-15,indianmemer,1
2023-11-15,unitedstatesofindia,2
2023-11-16,IndiaSpeaks,2
2023-11-16,IndianMemeTemplates,2
2023-11-16,IndianMeyMeys,3
2023-11-16,atheismindia,2
2023-11-16,indiadiscussion,2
2023-11-16,indianmemer,3
2023-11-16,unitedstatesofindia,2
2023-11-17,IndiaSpeaks,3
2023-11-17,IndianMemeTemplates,3
2023-11-17,IndianMeyMeys,1
2023-11-17,atheismindia,1
2023-11-17,india,1
2023-11-17,indiadiscussion,1
2023-11-17,indianews,2
2023-11-17,indianmemer,2
2023-11-17,unitedstatesofindia,3
2023-11-18,IndiaSpeaks,1
2023-11-18,IndianMemeTemplates,3
2023-11-18,IndianMeyMeys,1
2023-11-18,indiadiscussion,5
2023-11-18,indianews,1
2023-11-18,indianmemer,1
2023-11-19,IndiaSpeaks,1
2023-11-19,IndianMemeTemplates,4
2023-11-19,IndianMeyMeys,4
2023-11-19,atheismindia,3
2023-11-19,india,2
2023-11-19,indiadiscussion,1
2023-11-19,indianmemer,5
2023-11-19,unitedstatesofindia,1
2023-11-20,IndiaSpeaks,2
2023-11-20,IndianMemeTemplates,5
2023-11-20,IndianMeyMeys,2
2023-11-20,atheismindia,4
2023-11-20,india,2
2023-11-20,indiadiscussion,3
2023-11-20,indianews,1
2023-11-20,indianmemer,2
2023-11-20,unitedstatesofindia,2
2023-11-21,IndiaSpeaks,2
2023-11-21,IndianMemeTemplates,3
2023-11-21,IndianMeyMeys,3
2023-11-21,atheismindia,2
2023-11-21,india,3
2023-11-21,indianmemer,3
2023-11-21,unitedstatesofindia,2
2023-11-22,IndiaSpeaks,2
2023-11-22,IndianMemeTemplates,5
2023-11-22,IndianMeyMeys,4
2023-11-22,atheismindia,1
2023-11-22,india,3
2023-11-22,indiadiscussion,3
2023-11-22,indianews,2
2023-11-22,indianmemer,3
2023-11-23,IndiaSpeaks,3
2023-11-23,IndianMemeTemplates,4
2023-11-23,IndianMeyMeys,1
2023-11-23,atheismindia,3
2023-11-23,indiadiscussion,2
2023-11-23,indianmemer,2
2023-11-23,unitedstatesofindia,2
2023-11-24,IndiaSpeaks,6
2023-11-24,IndianMemeTemplates,3
2023-11-24,atheismindia,2
2023-11-24,india,2
2023-11-24,indiadiscussion,2
2023-11-24,indianews,1
2023-11-24,indianmemer,3
2023-11-24,unitedstatesofindia,3
2023-11-25,IndiaSpeaks,4
2023-11-25,IndianMemeTemplates,3
2023-11-25,IndianMeyMeys,6
2023-11-25,atheismindia,2
2023-11-25,india,1
2023-11-25,indiadiscussion,2
2023-11-25,indianews,1
2023-11-25,unitedstatesofindia,1
2023-11-26,IndiaSpeaks,3
2023-11-26,IndianMemeTemplates,2
2023-11-26,IndianMeyMeys,4
2023-11-26,atheismindia,3
2023-11-26,india,1
2023-11-26,indiadiscussion,2
2023-11-26,indianews,1
2023-11-26,indianmemer,3
2023-11-26,unitedstatesofindia,2
2023-11-27,IndiaSpeaks,3
2023-11-27,IndianMemeTemplates,2
2023-11-27,IndianMeyMeys,3
2023-11-27,atheismindia,3
2023-11-27,indiadiscussion,2
2023-11-27,indianews,1
2023-11-27,indianmemer,4
2023-11-27,unitedstatesofindia,2
2023-11-28,IndiaSpeaks,4
2023-11-28,IndianMemeTemplates,3
2023-11-28,IndianMeyMeys,4
2023-11-28,atheismindia,3
2023-11-28,india,2
2023-11-28,indiadiscussion,2
2023-11-28,indianews,1
2023-11-28,indianmemer,6
2023-11-28,unitedstatesofindia,2
2023-11-29,IndiaSpeaks,4
2023-11-29,IndianMemeTemplates,5
2023-11-29,IndianMeyMeys,6
2023-11-29,atheismindia,5
2023-11-29,india,4
2023-11-29,indianews,1
2023-11-29,indianmemer,3
2023-11-29,unitedstatesofindia,2
2023-11-30,IndiaSpeaks,4
2023-11-30,IndianMeyMeys,4
2023-11-30,atheismindia,4
2023-11-30,india,2
2023-11-30,indiadiscussion,2
2023-11-30,indianews,1
2023-11-30,indianmemer,3
2023-11-30,unitedstatesofindia,4
2023-12-01,IndiaSpeaks,1
2023-12-01,IndianMemeTemplates,5
2023-12-01,IndianMeyMeys,2
2023-12-01,atheismindia,4
2023-12-01,india,3
2023-12-01,indiadiscussion,1
2023-12-01,indianews,1
2023-12-01,indianmemer,4
2023-12-02,IndiaSpeaks,3
2023-12-02,IndianMemeTemplates,2
2023-12-02,IndianMeyMeys,8
2023-12-02,atheismindia,3
2023-12-02,india,1
2023-12-02,indiadiscussion,4
2023-12-02,indianews,3
2023-12-02,indianmemer,9
2023-12-02,unitedstatesofindia,4
2023-12-03,IndiaSpeaks,5
2023-12-03,IndianMemeTemplates,1
2023-12-03,IndianMeyMeys,4
2023-12-03,atheismindia,1
2023-12-03,india,1
2023-12-03,indiadiscussion,6
2023-12-03,indianmemer,2
2023-12-03,unitedstatesofindia,1
2023-12-04,IndiaSpeaks,2
2023-12-04,IndianMemeTemplates,3
2023-12-04,IndianMeyMeys,3
2023-12-04,atheismindia,2
2023-12-04,india,2
2023-12-04,indiadiscussion,1
2023-12-04,indianews,1
2023-12-04,indianmemer,4
2023-12-05,IndiaSpeaks,2
2023-12-05,IndianMemeTemplates,2
2023-12-05,IndianMeyMeys,3
2023-12-05,india,3
2023-12-05,indianmemer,3
2023-12-05,unitedstatesofindia,2
2023-12-06,IndiaSpeaks,3
2023-12-06,IndianMemeTemplates,4
2023-12-06,IndianMeyMeys,2
2023-12-06,atheismindia,2
2023-12-06,india,1
2023-12-06,indiadiscussion,2
2023-12-06,indianmemer,4
2023-12-06,unitedstatesofindia,1
2023-12-07,IndiaSpeaks,1
2023-12-07,IndianMemeTemplates,2
2023-12-07,IndianMeyMeys,2
2023-12-07,atheismindia,3
2023-12-07,india,3
2023-12-07,indiadiscussion,3
2023-12-07,indianews,3
2023-12-07,unitedstatesofindia,3
2023-12-08,IndiaSpeaks,1
2023-12-08,IndianMemeTemplates,4
2023-12-08,IndianMeyMeys,7
2023-12-08,atheismindia,3
2023-12-08,india,2
2023-12-08,indiadiscussion,2
2023-12-08,indianmemer,3
2023-12-08,unitedstatesofindia,1
2023-12-09,IndiaSpeaks,3
2023-12-09,IndianMemeTemplates,5
2023-12-09,IndianMeyMeys,4
2023-12-09,atheismindia,3
2023-12-09,india,4
2023-12-09,indiadiscussion,1
2023-12-09,indianews,2
2023-12-09,indianmemer,4
2023-12-09,unitedstatesofindia,2
2023-12-10,IndiaSpeaks,2
2023-12-10,IndianMemeTemplates,4
2023-12-10,IndianMeyMeys,3
2023-12-10,atheismindia,1
2023-12-10,indiadiscussion,2
2023-12-10,indianews,1
2023-12-10,indianmemer,4
2023-12-10,unitedstatesofindia,1
2023-12-11,IndiaSpeaks,4
2023-12-11,IndianMemeTemplates,1
2023-12-11,IndianMeyMeys,3
2023-12-11,atheismindia,3
2023-12-11,indianmemer,4
2023-12-11,unitedstatesofindia,2
2023-12-12,IndiaSpeaks,2
2023-12-12,IndianMemeTemplates,6
2023-12-12,IndianMeyMeys,7
2023-12-12,atheismindia,3
2023-12-12,indiadiscussion,4
2023-12-12,indianmemer,4
2023-12-12,unitedstatesofindia,3
2023-12-13,IndiaSpeaks,4
2023-12-13,IndianMemeTemplates,4
2023-12-13,IndianMeyMeys,6
2023-12-13,atheismindia,2
2023-12-13,india,1
2023-12-13,indiadiscussion,4
2023-12-13,indianews,1
2023-12-13,indianmemer,4
2023-12-13,unitedstatesofindia,3
2023-12-14,IndiaSpeaks,4
2023-12-14,IndianMemeTemplates,3
2023-12-14,IndianMeyMeys,3
2023-12-14,atheismindia,1
2023-12-14,india,1
2023-12-14,indiadiscussion,3
2023-12-14,indianews,1
2023-12-14,indianmemer,2
2023-12-14,unitedstatesofindia,3
2023-12-15,IndiaSpeaks,4
2023-12-15,IndianMemeTemplates,3
2023-12-15,IndianMeyMeys,5
2023-12-15,atheismindia,2
2023-12-15,india,1
2023-12-15,indiadiscussion,3
2023-12-15,indianews,1
2023-12-15,unitedstatesofindia,3
2023-12-16,IndiaSpeaks,5
2023-12-16,IndianMemeTemplates,4
2023-12-16,IndianMeyMeys,4
2023-12-16,atheismindia,1
2023-12-16,india,1
2023-12-16,indiadiscussion,1
2023-12-16,indianews,1
2023-12-16,indianmemer,3
2023-12-16,unitedstatesofindia,2
2023-12-17,IndiaSpeaks,4
2023-12-17,IndianMemeTemplates,2
2023-12-17,IndianMeyMeys,3
2023-12-17,atheismindia,1
2023-12-17,india,1
2023-12-17,indiadiscussion,2
2023-12-17,indianmemer,2
2023-12-17,unitedstatesofindia,2
2023-12-18,IndiaSpeaks,2
2023-12-18,IndianMemeTemplates,4
2023-12-18,IndianMeyMeys,4
2023-12-18,atheismindia,2
2023-12-18,india,3
2023-12-18,indiadiscussion,2
2023-12-18,indianews,2
2023-12-18,indianmemer,2
2023-12-18,unitedstatesofindia,2
2023-12-19,IndiaSpeaks,3
2023-12-19,IndianMemeTemplates,5
2023-12-19,IndianMeyMeys,5
2023-12-19,atheismindia,4
2023-12-19,india,5
2023-12-19,indianews,1
2023-12-19,indianmemer,1
2023-12-19,unitedstatesofindia,6
2023-12-20,IndiaSpeaks,1
2023-12-20,IndianMeyMeys,4
2023-12-20,atheismindia,2
2023-12-20,india,2
2023-12-20,indiadiscussion,1
2023-12-20,indianews,1
2023-12-20,indianmemer,2
2023-12-20,unitedstatesofindia,3
2023-12-21,IndiaSpeaks,4
2023-12-21,IndianMeyMeys,2
2023-12-21,india,2
2023-12-21,indiadiscussion,3
2023-12-21,indianews,1
2023-12-21,indianmemer,3
2023-12-21,unitedstatesofindia,4
2023-12-22,IndiaSpeaks,3
2023-12-22,IndianMemeTemplates,2
2023-12-22,IndianMeyMeys,2
2023-12-22,atheismindia,5
2023-12-22,indiadiscussion,3
2023-12-22,indianews,1
2023-12-22,indianmemer,5
2023-12-22,unitedstatesofindia,1
2023-12-23,IndiaSpeaks,1
2023-12-23,IndianMemeTemplates,2
2023-12-23,IndianMeyMeys,3
2023-12-23,atheismindia,1
2023-12-23,indiadiscussion,4
2023-12-23,indianews,1
2023-12-23,indianmemer,5
2023-12-23,unitedstatesofindia,4
2023-12-24,IndiaSpeaks,4
2023-12-24,IndianMeyMeys,4
2023-12-24,atheismindia,2
2023-12-24,india,2
2023-12-24,indiadiscussion,1
2023-12-24,indianews,2
2023-12-24,indianmemer,1
2023-12-24,unitedstatesofindia,1
2023-12-25,IndiaSpeaks,6
2023-12-25,IndianMemeTemplates,4
2023-12-25,IndianMeyMeys,1
2023-12-25,atheismindia,3
2023-12-25,india,3
2023-12-25,indiadiscussion,1
2023-12-25,indianews,1
2023-12-25,indianmemer,3
2023-12-25,unitedstatesofindia,1
2023-12-26,IndiaSpeaks,4
2023-12-26,IndianMemeTemplates,2
2023-12-26,IndianMeyMeys,1
2023-12-26,atheismindia,4
2023-12-26,indiadiscussion,3
2023-12-26,indianews,2
2023-12-26,indianmemer,2
2023-12-26,unitedstatesofindia,3
2023-12-27,IndiaSpeaks,5
2023-12-27,IndianMemeTemplates,5
2023-12-27,IndianMeyMeys,7
2023-12-27,atheismindia,3
2023-12-27,india,1
2023-12-27,indiadiscussion,3
2023-12-27,indianews,1
2023-12-27,indianmemer,3
2023-12-27,unitedstatesofindia,3
2023-12-28,IndiaSpeaks,3
2023-12-28,IndianMemeTemplates,1
2023-12-28,IndianMeyMeys,4
2023-12-28,atheismindia,4
2023-12-28,india,1
2023-12-28,indiadiscussion,5
2023-12-28,indianews,2
2023-12-28,indianmemer,2
2023-12-28,unitedstatesofindia,5
2023-12-29,IndiaSpeaks,3
2023-12-29,IndianMemeTemplates,4
2023-12-29,IndianMeyMeys,7
2023-12-29,atheismindia,2
2023-12-29,india,1
2023-12-29,indianews,1
2023-12-29,indianmemer,3
2023-12-29,unitedstatesofindia,1
2023-12-30,IndiaSpeaks,1
2023-12-30,IndianMeyMeys,4
2023-12-30,atheismindia,2
2023-12-30,indiadiscussion,3
2023-12-30,indianews,2
2023-12-30,indianmemer,4
2023-12-30,unitedstatesofindia,1
2023-12-31,IndiaSpeaks,5
2023-12-31,IndianMemeTemplates,5
2023-12-31,IndianMeyMeys,3
2023-12-31,atheismindia,3
2023-12-31,india,2
2023-12-31,indiadiscussion,4
2023-12-31,indianews,3
2023-12-31,indianmemer,1
2023-12-31,unitedstatesofindia,4
2024-01-01,IndiaSpeaks,3
2024-01-01,IndianMemeTemplates,4
2024-01-01,IndianMeyMeys,1
2024-01-01,atheismindia,4
2024-01-01,india,1
2024-01-01,indiadiscussion,3
2024-01-01,indianews,4
2024-01-01,indianmemer,2
2024-01-01,unitedstatesofindia,2
2024-01-02,IndiaSpeaks,5
2024-01-02,IndianMemeTemplates,2
2024-01-02,IndianMeyMeys,4
2024-01-02,atheismindia,4
2024-01-02,india,1
2024-01-02,indiadiscussion,5
2024-01-02,indianmemer,5
2024-01-02,unitedstatesofindia,5
2024-01-03,IndiaSpeaks,4
2024-01-03,IndianMemeTemplates,2
2024-01-03,IndianMeyMeys,5
2024-01-03,atheismindia,4
2024-01-03,india,1
2024-01-03,indiadiscussion,4
2024-01-03,indianews,1
2024-01-03,indianmemer,1
2024-01-03,unitedstatesofindia,3
2024-01-04,IndiaSpeaks,6
2024-01-04,IndianMemeTemplates,2
2024-01-04,IndianMeyMeys,1
2024-01-04,atheismindia,3
2024-01-04,india,2
2024-01-04,indiadiscussion,2
2024-01-04,indianews,2
2024-01-04,indianmemer,2
2024-01-04,unitedstatesofindia,1
2024-01-05,IndiaSpeaks,3
2024-01-05,IndianMemeTemplates,3
2024-01-05,IndianMeyMeys,2
2024-01-05,atheismindia,3
2024-01-05,india,2
2024-01-05,indiadiscussion,3
2024-01-05,indianews,1
2024-01-05,indianmemer,2
2024-01-05,unitedstatesofindia,6
2024-01-06,IndiaSpeaks,3
2024-01-06,IndianMemeTemplates,4
2024-01-06,IndianMeyMeys,3
2024-01-06,atheismindia,2
2024-01-06,india,2
2024-01-06,indiadiscussion,2
2024-01-06,indianews,3
2024-01-06,indianmemer,1
2024-01-07,IndiaSpeaks,2
2024-01-07,IndianMemeTemplates,2
2024-01-07,atheismindia,4
2024-01-07,india,3
2024-01-07,indiadiscussion,8
2024-01-07,indianews,4
2024-01-07,indianmemer,1
2024-01-07,unitedstatesofindia,2
2024-01-08,IndiaSpeaks,6
2024-01-08,IndianMemeTemplates,6
2024-01-08,IndianMeyMeys,2
2024-01-08,atheismindia,1
2024-01-08,indiadiscussion,5
2024-01-08,indianews,1
2024-01-08,indianmemer,2
2024-01-08,unitedstatesofindia,3
2024-01-09,IndiaSpeaks,5
2024-01-09,IndianMemeTemplates,6
2024-01-09,IndianMeyMeys,4
2024-01-09,atheismindia,5
2024-01-09,india,2
2024-01-09,indiadiscussion,2
2024-01-09,indianews,1
2024-01-09,indianmemer,3
2024-01-09,unitedstatesofindia,6
2024-01-10,IndiaSpeaks,4
2024-01-10,IndianMemeTemplates,3
2024-01-10,IndianMeyMeys,1
2024-01-10,atheismindia,5
2024-01-10,india,2
2024-01-10,indiadiscussion,4
2024-01-10,indianews,2
2024-01-10,indianmemer,1
2024-01-10,unitedstatesofindia,3
2024-01-11,IndiaSpeaks,4
2024-01-11,IndianMemeTemplates,3
2024-01-11,IndianMeyMeys,1
2024-01-11,atheismindia,6
2024-01-11,india,2
2024-01-11,indiadiscussion,6
2024-01-11,indianews,1
2024-01-11,indianmemer,2
2024-01-11,unitedstatesofindia,4
2024-01-12,IndiaSpeaks,7
2024-01-12,IndianMemeTemplates,4
2024-01-12,IndianMeyMeys,2
2024-01-12,atheismindia,3
2024-01-12,india,3
2024-01-12,indiadiscussion,5
2024-01-12,indianews,2
2024-01-12,indianmemer,4
2024-01-12,unitedstatesofindia,5
2024-01-13,IndiaSpeaks,1
2024-01-13,IndianMemeTemplates,4
2024-01-13,atheismindia,3
2024-01-13,india,1
2024-01-13,indiadiscussion,7
2024-01-13,indianews,3
2024-01-13,indianmemer,1
2024-01-13,unitedstatesofindia,2
2024-01-14,IndiaSpeaks,4
2024-01-14,IndianMemeTemplates,2
2024-01-14,IndianMeyMeys,1
2024-01-14,atheismindia,1
2024-01-14,india,1
2024-01-14,indiadiscussion,2
2024-01-14,indianews,1
2024-01-14,unitedstatesofindia,5
2024-01-15,IndiaSpeaks,3
2024-01-15,IndianMemeTemplates,4
2024-01-15,IndianMeyMeys,3
2024-01-15,atheismindia,2
2024-01-15,indiadiscussion,3
2024-01-15,indianews,1
2024-01-15,indianmemer,2
2024-01-15,unitedstatesofindia,4
2024-01-16,IndiaSpeaks,6
2024-01-16,IndianMemeTemplates,3
2024-01-16,IndianMeyMeys,1
2024-01-16,atheismindia,3
2024-01-16,india,1
2024-01-16,indiadiscussion,2
2024-01-16,indianews,2
2024-01-16,indianmemer,2
2024-01-16,unitedstatesofindia,4
2024-01-17,IndiaSpeaks,4
2024-01-17,IndianMemeTemplates,4
2024-01-17,IndianMeyMeys,2
2024-01-17,atheismindia,2
2024-01-17,india,1
2024-01-17,indiadiscussion,7
2024-01-17,indianews,4
2024-01-17,indianmemer,1
2024-01-18,IndiaSpeaks,4
2024-01-18,IndianMemeTemplates,6
2024-01-18,IndianMeyMeys,2
2024-01-18,atheismindia,1
2024-01-18,india,2
2024-01-18,indiadiscussion,4
2024-01-18,indianews,2
2024-01-18,indianmemer,4
2024-01-18,unitedstatesofindia,2
2024-01-19,IndiaSpeaks,3
2024-01-19,IndianMemeTemplates,3
2024-01-19,IndianMeyMeys,4
2024-01-19,atheismindia,8
2024-01-19,india,2
2024-01-19,indiadiscussion,4
2024-01-19,indianews,3
2024-01-19,unitedstatesofindia,2
2024-01-20,IndiaSpeaks,4
2024-01-20,IndianMemeTemplates,2
2024-01-20,IndianMeyMeys,5
2024-01-20,atheismindia,3
2024-01-20,india,2
2024-01-20,indiadiscussion,5
2024-01-20,indianews,1
2024-01-20,indianmemer,4
2024-01-20,unitedstatesofindia,3
2024-01-21,IndiaSpeaks,6
2024-01-21,IndianMemeTemplates,4
2024-01-21,IndianMeyMeys,1
2024-01-21,atheismindia,2
2024-01-21,india,1
2024-01-21,indiadiscussion,7
2024-01-21,indianews,1
2024-01-21,indianmemer,2
2024-01-21,unitedstatesofindia,5
2024-01-22,IndiaSpeaks,9
2024-01-22,IndianMemeTemplates,2
2024-01-22,IndianMeyMeys,1
2024-01-22,atheismindia,15
2024-01-22,india,3
2024-01-22,indiadiscussion,12
2024-01-22,indianews,9
2024-01-22,indianmemer,5
2024-01-22,unitedstatesofindia,6
2024-01-23,IndiaSpeaks,3
2024-01-23,IndianMemeTemplates,2
2024-01-23,IndianMeyMeys,4
2024-01-23,atheismindia,6
2024-01-23,india,1
2024-01-23,indiadiscussion,9
2024-01-23,indianews,4
2024-01-23,indianmemer,5
2024-01-23,unitedstatesofindia,5
2024-01-24,IndiaSpeaks,9
2024-01-24,IndianMemeTemplates,4
2024-01-24,IndianMeyMeys,2
2024-01-24,atheismindia,3
2024-01-24,india,3
2024-01-24,indiadiscussion,5
2024-01-24,indianews,2
2024-01-24,indianmemer,3
2024-01-24,unitedstatesofindia,4
2024-01-25,IndiaSpeaks,3
2024-01-25,IndianMemeTemplates,4
2024-01-25,IndianMeyMeys,5
2024-01-25,atheismindia,7
2024-01-25,india,2
2024-01-25,indiadiscussion,5
2024-01-25,indianews,4
2024-01-25,indianmemer,4
2024-01-25,unitedstatesofindia,5
2024-01-26,IndiaSpeaks,4
2024-01-26,IndianMemeTemplates,4
2024-01-26,IndianMeyMeys,5
2024-01-26,atheismindia,8
2024-01-26,india,2
2024-01-26,indiadiscussion,3
2024-01-26,indianews,3
2024-01-26,indianmemer,4
2024-01-26,unitedstatesofindia,4
2024-01-27,IndiaSpeaks,4
2024-01-27,IndianMemeTemplates,5
2024-01-27,IndianMeyMeys,3
2024-01-27,atheismindia,8
2024-01-27,india,4
2024-01-27,indiadiscussion,3
2024-01-27,indianews,1
2024-01-27,indianmemer,2
2024-01-27,unitedstatesofindia,4
2024-01-28,IndiaSpeaks,3
2024-01-28,IndianMemeTemplates,5
2024-01-28,IndianMeyMeys,4
2024-01-28,atheismindia,3
2024-01-28,india,1
2024-01-28,indiadiscussion,5
2024-01-28,indianews,1
2024-01-28,indianmemer,1
2024-01-28,unitedstatesofindia,1
2024-01-29,IndiaSpeaks,3
2024-01-29,IndianMemeTemplates,4
2024-01-29,IndianMeyMeys,3
2024-01-29,atheismindia,8
2024-01-29,india,1
2024-01-29,indiadiscussion,4
2024-01-29,indianews,3
2024-01-29,indianmemer,4
2024-01-29,unitedstatesofindia,2
2024-01-30,IndiaSpeaks,6
2024-01-30,IndianMemeTemplates,6
2024-01-30,IndianMeyMeys,1
2024-01-30,atheismindia,5
2024-01-30,india,1
2024-01-30,indiadiscussion,4
2024-01-30,indianews,4
2024-01-30,indianmemer,6
2024-01-30,unitedstatesofindia,3
2024-01-31,IndiaSpeaks,6
2024-01-31,IndianMemeTemplates,4
2024-01-31,IndianMeyMeys,1
2024-01-31,atheismindia,1
2024-01-31,indiadiscussion,2
2024-01-31,indianews,3
2024-01-31,indianmemer,3
2024-01-31,unitedstatesofindia,3
2024-02-01,IndiaSpeaks,2
2024-02-01,IndianMemeTemplates,2
2024-02-01,IndianMeyMeys,4
2024-02-01,atheismindia,2
2024-02-01,india,3
2024-02-01,indiadiscussion,3
2024-02-01,indianews,2
2024-02-01,indianmemer,2
2024-02-01,unitedstatesofindia,2
2024-02-02,IndiaSpeaks,4
2024-02-02,IndianMemeTemplates,5
2024-02-02,IndianMeyMeys,4
2024-02-02,atheismindia,3
2024-02-02,india,1
2024-02-02,indiadiscussion,4
2024-02-02,indianews,1
2024-02-02,indianmemer,2
2024-02-02,unitedstatesofindia,9
2024-02-03,IndiaSpeaks,3
2024-02-03,IndianMemeTemplates,5
2024-02-03,IndianMeyMeys,4
2024-02-03,atheismindia,5
2024-02-03,india,2
2024-02-03,indiadiscussion,5
2024-02-03,indianews,7
2024-02-03,indianmemer,6
2024-02-03,unitedstatesofindia,5
2024-02-04,IndiaSpeaks,5
2024-02-04,IndianMemeTemplates,3
2024-02-04,IndianMeyMeys,2
2024-02-04,atheismindia,3
2024-02-04,india,1
2024-02-04,indiadiscussion,2
2024-02-04,indianews,1
2024-02-04,indianmemer,8
2024-02-04,unitedstatesofindia,2
2024-02-05,IndiaSpeaks,4
2024-02-05,IndianMemeTemplates,3
2024-02-05,IndianMeyMeys,3
2024-02-05,atheismindia,2
2024-02-05,india,3
2024-02-05,indiadiscussion,7
2024-02-05,indianews,5
2024-02-05,indianmemer,3
2024-02-05,unitedstatesofindia,5
2024-02-06,IndiaSpeaks,5
2024-02-06,IndianMemeTemplates,4
2024-02-06,IndianMeyMeys,2
2024-02-06,atheismindia,8
2024-02-06,india,1
2024-02-06,indiadiscussion,7
2024-02-06,indianews,1
2024-02-06,indianmemer,4
2024-02-06,unitedstatesofindia,5
2024-02-07,IndiaSpeaks,2
2024-02-07,IndianMemeTemplates,6
2024-02-07,IndianMeyMeys,4
2024-02-07,atheismindia,6
2024-02-07,india,3
2024-02-07,indiadiscussion,4
2024-02-07,indianews,1
2024-02-07,indianmemer,4
2024-02-07,unitedstatesofindia,7
2024-02-08,IndiaSpeaks,3
2024-02-08,IndianMemeTemplates,3
2024-02-08,IndianMeyMeys,4
2024-02-08,atheismindia,2
2024-02-08,india,2
2024-02-08,indiadiscussion,3
2024-02-08,indianews,2
2024-02-08,indianmemer,5
2024-02-08,unitedstatesofindia,5
2024-02-09,IndiaSpeaks,3
2024-02-09,IndianMemeTemplates,7
2024-02-09,IndianMeyMeys,3
2024-02-09,atheismindia,2
2024-02-09,india,1
2024-02-09,indiadiscussion,4
2024-02-09,indianews,2
2024-02-09,indianmemer,6
2024-02-09,unitedstatesofindia,5
2024-02-10,IndiaSpeaks,3
2024-02-10,IndianMemeTemplates,3
2024-02-10,IndianMeyMeys,4
2024-02-10,atheismindia,8
2024-02-10,india,3
2024-02-10,indiadiscussion,5
2024-02-10,indianews,3
2024-02-10,indianmemer,4
2024-02-10,unitedstatesofindia,2
2024-02-11,IndiaSpeaks,3
2024-02-11,IndianMemeTemplates,3
2024-02-11,IndianMeyMeys,2
2024-02-11,atheismindia,2
2024-02-11,indiadiscussion,2
2024-02-11,indianews,2
2024-02-11,indianmemer,4
2024-02-11,unitedstatesofindia,4
2024-02-12,IndiaSpeaks,4
2024-02-12,IndianMemeTemplates,4
2024-02-12,IndianMeyMeys,3
2024-02-12,atheismindia,4
2024-02-12,india,2
2024-02-12,indiadiscussion,6
2024-02-12,indianews,4
2024-02-12,indianmemer,3
2024-02-12,unitedstatesofindia,4
2024-02-13,IndiaSpeaks,3
2024-02-13,IndianMemeTemplates,4
2024-02-13,IndianMeyMeys,4
2024-02-13,atheismindia,4
2024-02-13,india,1
2024-02-13,indiadiscussion,6
2024-02-13,indianews,7
2024-02-13,indianmemer,4
2024-02-13,unitedstatesofindia,3
2024-02-14,IndiaSpeaks,2
2024-02-14,IndianMemeTemplates,2
2024-02-14,IndianMeyMeys,4
2024-02-14,atheismindia,4
2024-02-14,india,1
2024-02-14,indiadiscussion,4
2024-02-14,indianews,3
2024-02-14,indianmemer,3
2024-02-14,unitedstatesofindia,7
2024-02-15,IndiaSpeaks,3
2024-02-15,IndianMemeTemplates,4
2024-02-15,IndianMeyMeys,1
2024-02-15,atheismindia,5
2024-02-15,india,2
2024-02-15,indiadiscussion,5
2024-02-15,indianews,6
2024-02-15,indianmemer,4
2024-02-15,unitedstatesofindia,4
2024-02-16,IndiaSpeaks,2
2024-02-16,IndianMemeTemplates,4
2024-02-16,IndianMeyMeys,1
2024-02-16,atheismindia,3
2024-02-16,india,2
2024-02-16,indiadiscussion,3
2024-02-16,indianews,4
2024-02-16,indianmemer,7
2024-02-16,unitedstatesofindia,7
2024-02-17,IndiaSpeaks,2
2024-02-17,IndianMemeTemplates,4
2024-02-17,IndianMeyMeys,3
2024-02-17,atheismindia,5
2024-02-17,india,3
2024-02-17,indiadiscussion,9
2024-02-17,indianews,4
2024-02-17,indianmemer,6
2024-02-17,unitedstatesofindia,6
2024-02-18,IndiaSpeaks,3
2024-02-18,IndianMemeTemplates,2
2024-02-18,IndianMeyMeys,2
2024-02-18,atheismindia,1
2024-02-18,india,1
2024-02-18,indiadiscussion,4
2024-02-18,indianews,5
2024-02-18,indianmemer,5
2024-02-18,unitedstatesofindia,6
2024-02-19,IndiaSpeaks,3
2024-02-19,IndianMemeTemplates,3
2024-02-19,IndianMeyMeys,2
2024-02-19,atheismindia,6
2024-02-19,india,1
2024-02-19,indiadiscussion,5
2024-02-19,indianews,6
2024-02-19,indianmemer,4
2024-02-19,unitedstatesofindia,1
2024-02-20,IndiaSpeaks,2
2024-02-20,IndianMemeTemplates,5
2024-02-20,IndianMeyMeys,6
2024-02-20,atheismindia,7
2024-02-20,india,1
2024-02-20,indiadiscussion,5
2024-02-20,indianews,6
2024-02-20,indianmemer,7
2024-02-20,unitedstatesofindia,5
2024-02-21,IndiaSpeaks,3
2024-02-21,IndianMemeTemplates,6
2024-02-21,IndianMeyMeys,6
2024-02-21,atheismindia,6
2024-02-21,india,3
2024-02-21,indiadiscussion,6
2024-02-21,indianews,4
2024-02-21,indianmemer,7
2024-02-21,unitedstatesofindia,3
2024-02-22,IndiaSpeaks,5
2024-02-22,IndianMemeTemplates,4
2024-02-22,IndianMeyMeys,7
2024-02-22,atheismindia,5
2024-02-22,indiadiscussion,6
2024-02-22,indianews,8
2024-02-22,indianmemer,6
2024-02-22,unitedstatesofindia,6
2024-02-23,IndiaSpeaks,1
2024-02-23,IndianMemeTemplates,5
2024-02-23,IndianMeyMeys,3
2024-02-23,atheismindia,4
2024-02-23,india,3
2024-02-23,indiadiscussion,4
2024-02-23,indianews,5
2024-02-23,indianmemer,4
2024-02-23,unitedstatesofindia,5
2024-02-24,IndiaSpeaks,2
2024-02-24,IndianMemeTemplates,3
2024-02-24,IndianMeyMeys,2
2024-02-24,atheismindia,6
2024-02-24,indiadiscussion,5
2024-02-24,indianews,1
2024-02-24,indianmemer,8
2024-02-24,unitedstatesofindia,4
2024-02-25,IndiaSpeaks,3
2024-02-25,IndianMemeTemplates,2
2024-02-25,IndianMeyMeys,7
2024-02-25,atheismindia,3
2024-02-25,india,2
2024-02-25,indiadiscussion,2
2024-02-25,indianews,8
2024-02-25,indianmemer,6
2024-02-25,unitedstatesofindia,4
2024-02-26,IndiaSpeaks,1
2024-02-26,IndianMemeTemplates,1
2024-02-26,IndianMeyMeys,6
2024-02-26,atheismindia,5
2024-02-26,india,2
2024-02-26,indiadiscussion,3
2024-02-26,indianews,12
2024-02-26,indianmemer,5
2024-02-26,unitedstatesofindia,3
2024-02-27,IndiaSpeaks,3
2024-02-27,IndianMemeTemplates,3
2024-02-27,IndianMeyMeys,5
2024-02-27,atheismindia,6
2024-02-27,india,5
2024-02-27,indiadiscussion,7
2024-02-27,indianews,11
2024-02-27,indianmemer,7
2024-02-27,unitedstatesofindia,6
2024-02-28,IndiaSpeaks,3
2024-02-28,IndianMemeTemplates,1
2024-02-28,atheismindia,5
2024-02-28,india,3
2024-02-28,indiadiscussion,2
2024-02-28,indianews,7
2024-02-28,indianmemer,3
2024-02-28,unitedstatesofindia,3
2024-02-29,IndianMemeTemplates,2
2024-02-29,IndianMeyMeys,1
2024-02-29,atheismindia,4
2024-02-29,india,2
2024-02-29,indiadiscussion,4
2024-02-29,indianews,6
2024-02-29,indianmemer,4
2024-02-29,unitedstatesofindia,3
2024-03-01,IndiaSpeaks,3
2024-03-01,IndianMemeTemplates,4
2024-03-01,IndianMeyMeys,2
2024-03-01,atheismindia,3
2024-03-01,india,4
2024-03-01,indiadiscussion,5
2024-03-01,indianews,5
2024-03-01,indianmemer,4
2024-03-02,IndiaSpeaks,3
2024-03-02,IndianMemeTemplates,3
2024-03-02,IndianMeyMeys,2
2024-03-02,atheismindia,4
2024-03-02,india,2
2024-03-02,indiadiscussion,2
2024-03-02,indianews,2
2024-03-02,indianmemer,6
2024-03-02,unitedstatesofindia,6
2024-03-03,IndiaSpeaks,3
2024-03-03,IndianMemeTemplates,3
2024-03-03,atheismindia,10
2024-03-03,india,4
2024-03-03,indiadiscussion,7
2024-03-03,indianews,5
2024-03-03,indianmemer,8
2024-03-03,unitedstatesofindia,4
2024-03-04,IndiaSpeaks,5
2024-03-04,IndianMemeTemplates,2
2024-03-04,IndianMeyMeys,7
2024-03-04,atheismindia,14
2024-03-04,india,5
2024-03-04,indianews,2
2024-03-04,indianmemer,3
2024-03-04,unitedstatesofindia,4
2024-03-05,IndiaSpeaks,3
2024-03-05,IndianMemeTemplates,4
2024-03-05,IndianMeyMeys,2
2024-03-05,atheismindia,10
2024-03-05,india,4
2024-03-05,indianews,8
2024-03-05,indianmemer,11
2024-03-05,unitedstatesofindia,6
2024-03-06,IndiaSpeaks,4
2024-03-06,IndianMemeTemplates,1
2024-03-06,IndianMeyMeys,4
2024-03-06,atheismindia,9
2024-03-06,india,4
2024-03-06,indianews,8
2024-03-06,indianmemer,8
2024-03-06,unitedstatesofindia,2
2024-03-07,IndiaSpeaks,2
2024-03-07,IndianMemeTemplates,4
2024-03-07,IndianMeyMeys,3
2024-03-07,atheismindia,11
2024-03-07,india,2
2024-03-07,indiadiscussion,4
2024-03-07,indianews,8
2024-03-07,indianmemer,8
2024-03-07,unitedstatesofindia,2
2024-03-08,IndiaSpeaks,7
2024-03-08,IndianMemeTemplates,2
2024-03-08,IndianMeyMeys,8
2024-03-08,atheismindia,9
2024-03-08,india,3
2024-03-08,indiadiscussion,5
2024-03-08,indianews,3
2024-03-08,indianmemer,8
2024-03-08,unitedstatesofindia,7
2024-03-09,IndiaSpeaks,1
2024-03-09,IndianMemeTemplates,2
2024-03-09,IndianMeyMeys,6
2024-03-09,atheismindia,14
2024-03-09,india,1
2024-03-09,indiadiscussion,6
2024-03-09,indianews,6
2024-03-09,indianmemer,15
2024-03-09,unitedstatesofindia,3
2024-03-10,IndiaSpeaks,3
2024-03-10,IndianMemeTemplates,3
2024-03-10,IndianMeyMeys,4
2024-03-10,atheismindia,11
2024-03-10,india,3
2024-03-10,indiadiscussion,2
2024-03-10,indianews,4
2024-03-10,indianmemer,18
2024-03-10,unitedstatesofindia,7
2024-03-11,IndiaSpeaks,3
2024-03-11,IndianMemeTemplates,3
2024-03-11,IndianMeyMeys,6
2024-03-11,atheismindia,16
2024-03-11,india,3
2024-03-11,indiadiscussion,3
2024-03-11,indianews,6
2024-03-11,indianmemer,20
2024-03-11,unitedstatesofindia,5
2024-03-12,IndiaSpeaks,6
2024-03-12,IndianMemeTemplates,22
2024-03-12,IndianMeyMeys,3
2024-03-12,atheismindia,16
2024-03-12,india,1
2024-03-12,indiadiscussion,4
2024-03-12,indianews,5
2024-03-12,indianmemer,13
2024-03-12,unitedstatesofindia,6
2024-03-13,IndiaSpeaks,3
2024-03-13,IndianMemeTemplates,16
2024-03-13,IndianMeyMeys,6
2024-03-13,atheismindia,9
2024-03-13,india,2
2024-03-13,indiadiscussion,4
2024-03-13,indianews,12
2024-03-13,indianmemer,13
2024-03-13,unitedstatesofindia,3
2024-03-14,IndiaSpeaks,2
2024-03-14,IndianMemeTemplates,12
2024-03-14,IndianMeyMeys,1
2024-03-14,atheismindia,11
2024-03-14,india,3
2024-03-14,indiadiscussion,6
2024-03-14,indianews,10
2024-03-14,indianmemer,8
2024-03-14,unitedstatesofindia,6
2024-03-15,IndiaSpeaks,2
2024-03-15,IndianMemeTemplates,34
2024-03-15,IndianMeyMeys,1
2024-03-15,atheismindia,12
2024-03-15,india,5
2024-03-15,indiadiscussion,3
2024-03-15,indianews,6
2024-03-15,indianmemer,6
2024-03-15,unitedstatesofindia,6
2024-03-16,IndiaSpeaks,2
2024-03-16,IndianMemeTemplates,18
2024-03-16,IndianMeyMeys,2
2024-03-16,atheismindia,8
2024-03-16,india,4
2024-03-16,indiadiscussion,7
2024-03-16,indianews,5
2024-03-16,indianmemer,13
2024-03-16,unitedstatesofindia,9
2024-03-17,IndiaSpeaks,7
2024-03-17,IndianMemeTemplates,25
2024-03-17,IndianMeyMeys,3
2024-03-17,atheismindia,13
2024-03-17,india,4
2024-03-17,indiadiscussion,5
2024-03-17,indianews,5
2024-03-17,indianmemer,19
2024-03-17,unitedstatesofindia,5
2024-03-18,IndianMemeTemplates,22
2024-03-18,IndianMeyMeys,5
2024-03-18,atheismindia,9
2024-03-18,india,1
2024-03-18,indiadiscussion,8
2024-03-18,indianews,8
2024-03-18,indianmemer,9
2024-03-18,unitedstatesofindia,5
2024-03-19,IndiaSpeaks,4
2024-03-19,IndianMemeTemplates,19
2024-03-19,IndianMeyMeys,6
2024-03-19,atheismindia,10
2024-03-19,india,3
2024-03-19,indiadiscussion,5
2024-03-19,indianews,6
2024-03-19,indianmemer,11
2024-03-19,unitedstatesofindia,5
2024-03-20,IndiaSpeaks,5
2024-03-20,IndianMemeTemplates,31
2024-03-20,IndianMeyMeys,2
2024-03-20,atheismindia,19
2024-03-20,india,6
2024-03-20,indiadiscussion,6
2024-03-20,indianews,4
2024-03-20,indianmemer,10
2024-03-20,unitedstatesofindia,6
2024-03-21,IndiaSpeaks,2
2024-03-21,IndianMemeTemplates,19
2024-03-21,atheismindia,14
2024-03-21,india,4
2024-03-21,indiadiscussion,11
2024-03-21,indianews,7
2024-03-21,indianmemer,13
2024-03-21,unitedstatesofindia,4
2024-03-22,IndiaSpeaks,3
2024-03-22,IndianMemeTemplates,18
2024-03-22,IndianMeyMeys,4
2024-03-22,atheismindia,15
2024-03-22,india,4
2024-03-22,indiadiscussion,20
2024-03-22,indianews,7
2024-03-22,indianmemer,17
2024-03-22,unitedstatesofindia,4
2024-03-23,IndianMemeTemplates,43
2024-03-23,IndianMeyMeys,2
2024-03-23,atheismindia,13
2024-03-23,india,2
2024-03-23,indiadiscussion,25
2024-03-23,indianews,5
2024-03-23,indianmemer,14
2024-03-23,unitedstatesofindia,6
2024-03-24,IndiaSpeaks,3
2024-03-24,IndianMemeTemplates,23
2024-03-24,IndianMeyMeys,4
2024-03-24,atheismindia,23
2024-03-24,india,4
2024-03-24,indiadiscussion,11
2024-03-24,indianews,5
2024-03-24,indianmemer,21
2024-03-24,unitedstatesofindia,4
2024-03-25,IndiaSpeaks,2
2024-03-25,IndianMemeTemplates,4
2024-03-25,IndianMeyMeys,4
2024-03-25,atheismindia,14
2024-03-25,india,2
2024-03-25,indiadiscussion,15
2024-03-25,indianews,3
2024-03-25,indianmemer,13
2024-03-25,unitedstatesofindia,4
2024-03-26,IndiaSpeaks,6
2024-03-26,IndianMemeTemplates,11
2024-03-26,IndianMeyMeys,3
2024-03-26,atheismindia,14
2024-03-26,india,3
2024-03-26,indiadiscussion,13
2024-03-26,indianews,3
2024-03-26,indianmemer,12
2024-03-26,unitedstatesofindia,6
2024-03-27,IndiaSpeaks,4
2024-03-27,IndianMemeTemplates,15
2024-03-27,IndianMeyMeys,2
2024-03-27,atheismindia,8
2024-03-27,india,4
2024-03-27,indiadiscussion,16
2024-03-27,indianews,3
2024-03-27,indianmemer,23
2024-03-27,unitedstatesofindia,3
2024-03-28,IndiaSpeaks,1
2024-03-28,IndianMemeTemplates,14
2024-03-28,IndianMeyMeys,2
2024-03-28,atheismindia,8
2024-03-28,india,1
2024-03-28,indiadiscussion,20
2024-03-28,indianews,9
2024-03-28,indianmemer,21
2024-03-28,unitedstatesofindia,6
2024-03-29,IndiaSpeaks,2
2024-03-29,IndianMemeTemplates,24
2024-03-29,IndianMeyMeys,4
2024-03-29,atheismindia,17
2024-03-29,india,2
2024-03-29,indiadiscussion,13
2024-03-29,indianews,4
2024-03-29,indianmemer,13
2024-03-29,unitedstatesofindia,7
2024-03-30,IndiaSpeaks,2
2024-03-30,IndianMemeTemplates,24
2024-03-30,IndianMeyMeys,1
2024-03-30,atheismindia,11
2024-03-30,india,3
2024-03-30,indiadiscussion,8
2024-03-30,indianews,5
2024-03-30,indianmemer,10
2024-03-30,unitedstatesofindia,8
2024-03-31,IndiaSpeaks,2
2024-03-31,IndianMemeTemplates,17
2024-03-31,IndianMeyMeys,8
2024-03-31,atheismindia,8
2024-03-31,india,2
2024-03-31,indiadiscussion,7
2024-03-31,indianews,2
2024-03-31,indianmemer,10
2024-03-31,unitedstatesofindia,5
2024-04-01,IndiaSpeaks,4
2024-04-01,IndianMemeTemplates,20
2024-04-01,IndianMeyMeys,2
2024-04-01,atheismindia,10
2024-04-01,india,5
2024-04-01,indiadiscussion,12
2024-04-01,indianews,1
2024-04-01,indianmemer,14
2024-04-01,unitedstatesofindia,8
2024-04-02,IndiaSpeaks,2
2024-04-02,IndianMemeTemplates,13
2024-04-02,IndianMeyMeys,3
2024-04-02,atheismindia,21
2024-04-02,india,3
2024-04-02,indiadiscussion,18
2024-04-02,indianews,6
2024-04-02,indianmemer,12
2024-04-02,unitedstatesofindia,6
2024-04-03,IndiaSpeaks,3
2024-04-03,IndianMemeTemplates,18
2024-04-03,atheismindia,10
2024-04-03,india,2
2024-04-03,indiadiscussion,17
2024-04-03,indianews,8
2024-04-03,indianmemer,15
2024-04-03,unitedstatesofindia,6
2024-04-04,IndianMemeTemplates,12
2024-04-04,IndianMeyMeys,3
2024-04-04,atheismindia,6
2024-04-04,indiadiscussion,27
2024-04-04,indianews,17
2024-04-04,indianmemer,18
2024-04-05,IndianMemeTemplates,18
2024-04-05,atheismindia,16
2024-04-05,indiadiscussion,14
2024-04-05,indianews,19
2024-04-05,indianmemer,29
2024-04-05,unitedstatesofindia,27
2024-04-06,IndianMemeTemplates,23
2024-04-06,IndianMeyMeys,3
2024-04-06,atheismindia,9
2024-04-06,indiadiscussion,6
2024-04-06,indianews,27
2024-04-06,indianmemer,15
2024-04-06,unitedstatesofindia,19
2024-04-07,IndianMemeTemplates,16
2024-04-07,atheismindia,16
2024-04-07,indiadiscussion,14
2024-04-07,indianews,22
2024-04-07,indianmemer,20
2024-04-07,unitedstatesofindia,32
2024-04-08,IndianMemeTemplates,24
2024-04-08,IndianMeyMeys,1
2024-04-08,atheismindia,12
2024-04-08,indiadiscussion,20
2024-04-08,indianews,27
2024-04-08,indianmemer,18
2024-04-08,unitedstatesofindia,29
2024-04-09,IndianMemeTemplates,22
2024-04-09,IndianMeyMeys,1
2024-04-09,atheismindia,9
2024-04-09,indiadiscussion,21
2024-04-09,indianews,29
2024-04-09,indianmemer,26
2024-04-09,unitedstatesofindia,29
2024-04-10,IndiaSpeaks,32
2024-04-10,IndianMemeTemplates,25
2024-04-10,IndianMeyMeys,1
2024-04-10,atheismindia,8
2024-04-10,indiadiscussion,24
2024-04-10,indianews,23
2024-04-10,indianmemer,25
2024-04-10,unitedstatesofindia,23
2024-04-11,IndiaSpeaks,35
2024-04-11,IndianMemeTemplates,27
2024-04-11,IndianMeyMeys,2
2024-04-11,atheismindia,11
2024-04-11,indiadiscussion,23
2024-04-11,indianews,22
2024-04-11,indianmemer,19
2024-04-11,unitedstatesofindia,27
2024-04-12,IndiaSpeaks,36
2024-04-12,IndianMemeTemplates,21
2024-04-12,atheismindia,25
2024-04-12,indiadiscussion,13
2024-04-12,indianews,32
2024-04-12,indianmemer,11
2024-04-12,unitedstatesofindia,42
2024-04-13,IndiaSpeaks,51
2024-04-13,IndianMemeTemplates,15
2024-04-13,IndianMeyMeys,4
2024-04-13,atheismindia,7
2024-04-13,indiadiscussion,21
2024-04-13,indianews,25
2024-04-13,indianmemer,20
2024-04-13,unitedstatesofindia,34
2024-04-14,IndiaSpeaks,34
2024-04-14,IndianMemeTemplates,21
2024-04-14,IndianMeyMeys,9
2024-04-14,atheismindia,13
2024-04-14,indiadiscussion,11
2024-04-14,indianews,31
2024-04-14,indianmemer,24
2024-04-14,unitedstatesofindia,26
2024-04-15,IndiaSpeaks,39
2024-04-15,IndianMemeTemplates,12
2024-04-15,IndianMeyMeys,2
2024-04-15,atheismindia,8
2024-04-15,indiadiscussion,18
2024-04-15,indianews,28
2024-04-15,indianmemer,16
2024-04-15,unitedstatesofindia,32
2024-04-16,IndiaSpeaks,51
2024-04-16,IndianMemeTemplates,10
2024-04-16,IndianMeyMeys,5
2024-04-16,atheismindia,13
2024-04-16,india,3
2024-04-16,indiadiscussion,9
2024-04-16,indianews,28
2024-04-16,indianmemer,13
2024-04-16,unitedstatesofindia,43
2024-04-17,IndiaSpeaks,37
2024-04-17,IndianMemeTemplates,19
2024-04-17,IndianMeyMeys,2
2024-04-17,atheismindia,9
2024-04-17,india,43
2024-04-17,indiadiscussion,10
2024-04-17,indianews,36
2024-04-17,indianmemer,15
2024-04-17,unitedstatesofindia,21
2024-04-18,IndiaSpeaks,43
2024-04-18,IndianMemeTemplates,13
2024-04-18,IndianMeyMeys,1
2024-04-18,atheismindia,15
2024-04-18,india,67
2024-04-18,indiadiscussion,12
2024-04-18,indianews,59
2024-04-18,indianmemer,19
2024-04-18,unitedstatesofindia,38
2024-04-19,IndiaSpeaks,41
2024-04-19,IndianMemeTemplates,16
2024-04-19,IndianMeyMeys,7
2024-04-19,atheismindia,13
2024-04-19,india,69
2024-04-19,indiadiscussion,17
2024-04-19,indianews,35
2024-04-19,indianmemer,31
2024-04-19,unitedstatesofindia,22
2024-04-20,IndiaSpeaks,47
2024-04-20,IndianMemeTemplates,23
2024-04-20,IndianMeyMeys,6
2024-04-20,atheismindia,10
2024-04-20,india,39
2024-04-20,indiadiscussion,10
2024-04-20,indianews,37
2024-04-20,indianmemer,16
2024-04-20,unitedstatesofindia,23
2024-04-21,IndiaSpeaks,31
2024-04-21,IndianMemeTemplates,23
2024-04-21,IndianMeyMeys,7
2024-04-21,atheismindia,18
2024-04-21,india,51
2024-04-21,indiadiscussion,21
2024-04-21,indianews,37
2024-04-21,indianmemer,27
2024-04-21,unitedstatesofindia,34
2024-04-22,IndiaSpeaks,41
2024-04-22,IndianMemeTemplates,33
2024-04-22,IndianMeyMeys,2
2024-04-22,atheismindia,10
2024-04-22,india,75
2024-04-22,indiadiscussion,17
2024-04-22,indianews,43
2024-04-22,indianmemer,23
2024-04-22,unitedstatesofindia,44
2024-04-23,IndiaSpeaks,30
2024-04-23,IndianMemeTemplates,17
2024-04-23,IndianMeyMeys,1
2024-04-23,atheismindia,8
2024-04-23,india,73
2024-04-23,indiadiscussion,27
2024-04-23,indianews,41
2024-04-23,indianmemer,30
2024-04-23,unitedstatesofindia,47
2024-04-24,IndiaSpeaks,44
2024-04-24,IndianMemeTemplates,22
2024-04-24,IndianMeyMeys,2
2024-04-24,atheismindia,18
2024-04-24,india,59
2024-04-24,indiadiscussion,25
2024-04-24,indianews,64
2024-04-24,indianmemer,23
2024-04-24,unitedstatesofindia,40
2024-04-25,IndiaSpeaks,49
2024-04-25,IndianMemeTemplates,19
2024-04-25,IndianMeyMeys,6
2024-04-25,atheismindia,10
2024-04-25,india,58
2024-04-25,indiadiscussion,16
2024-04-25,indianews,58
2024-04-25,indianmemer,15
2024-04-25,unitedstatesofindia,42
2024-04-26,IndiaSpeaks,58
2024-04-26,IndianMemeTemplates,20
2024-04-26,IndianMeyMeys,7
2024-04-26,atheismindia,11
2024-04-26,india,64
2024-04-26,indiadiscussion,32
2024-04-26,indianews,83
2024-04-26,indianmemer,20
2024-04-26,unitedstatesofindia,42
2024-04-27,IndiaSpeaks,35
2024-04-27,IndianMemeTemplates,28
2024-04-27,IndianMeyMeys,3
2024-04-27,atheismindia,19
2024-04-27,india,48
2024-04-27,indiadiscussion,26
2024-04-27,indianews,63
2024-04-27,indianmemer,18
2024-04-27,unitedstatesofindia,42
2024-04-28,IndiaSpeaks,39
2024-04-28,IndianMemeTemplates,17
2024-04-28,IndianMeyMeys,3
2024-04-28,atheismindia,25
2024-04-28,india,48
2024-04-28,indiadiscussion,25
2024-04-28,indianews,42
2024-04-28,indianmemer,32
2024-04-28,unitedstatesofindia,37
2024-04-29,IndiaSpeaks,49
2024-04-29,IndianMemeTemplates,14
2024-04-29,IndianMeyMeys,3
2024-04-29,atheismindia,14
2024-04-29,india,64
2024-04-29,indiadiscussion,21
2024-04-29,indianews,57
2024-04-29,indianmemer,36
2024-04-29,unitedstatesofindia,52
2024-04-30,IndiaSpeaks,42
2024-04-30,IndianMemeTemplates,22
2024-04-30,IndianMeyMeys,4
2024-04-30,atheismindia,12
2024-04-30,india,53
2024-04-30,indiadiscussion,15
2024-04-30,indianews,41
2024-04-30,indianmemer,41
2024-04-30,unitedstatesofindia,44
2024-05-01,IndiaSpeaks,41
2024-05-01,IndianMemeTemplates,13
2024-05-01,IndianMeyMeys,3
2024-05-01,atheismindia,8
2024-05-01,india,51
2024-05-01,indiadiscussion,14
2024-05-01,indianews,41
2024-05-01,indianmemer,22
2024-05-01,unitedstatesofindia,36
2024-05-02,IndiaSpeaks,51
2024-05-02,IndianMemeTemplates,14
2024-05-02,IndianMeyMeys,5
2024-05-02,atheismindia,20
2024-05-02,india,47
2024-05-02,indiadiscussion,21
2024-05-02,indianews,46
2024-05-02,indianmemer,28
2024-05-02,unitedstatesofindia,40
2024-05-03,IndiaSpeaks,34
2024-05-03,IndianMemeTemplates,28
2024-05-03,IndianMeyMeys,4
2024-05-03,atheismindia,15
2024-05-03,india,53
2024-05-03,indiadiscussion,20
2024-05-03,indianews,40
2024-05-03,indianmemer,23
2024-05-03,unitedstatesofindia,38
2024-05-04,IndiaSpeaks,38
2024-05-04,IndianMemeTemplates,18
2024-05-04,IndianMeyMeys,2
2024-05-04,atheismindia,16
2024-05-04,india,67
2024-05-04,indiadiscussion,25
2024-05-04,indianews,43
2024-05-04,indianmemer,27
2024-05-04,unitedstatesofindia,51
2024-05-05,IndiaSpeaks,34
2024-05-05,IndianMemeTemplates,15
2024-05-05,IndianMeyMeys,2
2024-05-05,atheismindia,15
2024-05-05,india,74
2024-05-05,indiadiscussion,20
2024-05-05,indianews,23
2024-05-05,indianmemer,29
2024-05-05,unitedstatesofindia,23
2024-05-06,IndiaSpeaks,42
2024-05-06,IndianMemeTemplates,23
2024-05-06,IndianMeyMeys,5
2024-05-06,atheismindia,8
2024-05-06,india,61
2024-05-06,indiadiscussion,46
2024-05-06,indianews,72
2024-05-06,indianmemer,30
2024-05-06,unitedstatesofindia,32
2024-05-07,IndiaSpeaks,46
2024-05-07,IndianMemeTemplates,19
2024-05-07,IndianMeyMeys,2
2024-05-07,atheismindia,14
2024-05-07,india,62
2024-05-07,indiadiscussion,29
2024-05-07,indianews,34
2024-05-07,indianmemer,31
2024-05-07,unitedstatesofindia,50
2024-05-08,IndiaSpeaks,31
2024-05-08,IndianMemeTemplates,21
2024-05-08,IndianMeyMeys,2
2024-05-08,atheismindia,19
2024-05-08,india,60
2024-05-08,indiadiscussion,29
2024-05-08,indianews,48
2024-05-08,indianmemer,37
2024-05-08,unitedstatesofindia,45
2024-05-09,IndiaSpeaks,19
2024-05-09,IndianMemeTemplates,31
2024-05-09,IndianMeyMeys,3
2024-05-09,atheismindia,11
2024-05-09,india,49
2024-05-09,indiadiscussion,25
2024-05-09,indianews,45
2024-05-09,indianmemer,76
2024-05-09,unitedstatesofindia,32
2024-05-10,IndiaSpeaks,25
2024-05-10,IndianMemeTemplates,22
2024-05-10,IndianMeyMeys,6
2024-05-10,atheismindia,9
2024-05-10,india,63
2024-05-10,indiadiscussion,18
2024-05-10,indianews,52
2024-05-10,indianmemer,39
2024-05-10,unitedstatesofindia,58
2024-05-11,IndiaSpeaks,14
2024-05-11,IndianMemeTemplates,25
2024-05-11,IndianMeyMeys,1
2024-05-11,atheismindia,13
2024-05-11,india,34
2024-05-11,indiadiscussion,29
2024-05-11,indianews,29
2024-05-11,indianmemer,31
2024-05-11,unitedstatesofindia,38
2024-05-12,IndiaSpeaks,23
2024-05-12,IndianMemeTemplates,20
2024-05-12,IndianMeyMeys,1
2024-05-12,atheismindia,15
2024-05-12,india,54
2024-05-12,indiadiscussion,21
2024-05-12,indianews,27
2024-05-12,indianmemer,39
2024-05-12,unitedstatesofindia,22
2024-05-13,IndiaSpeaks,32
2024-05-13,IndianMemeTemplates,22
2024-05-13,IndianMeyMeys,1
2024-05-13,atheismindia,13
2024-05-13,india,57
2024-05-13,indiadiscussion,28
2024-05-13,indianews,53
2024-05-13,indianmemer,44
2024-05-13,unitedstatesofindia,30
2024-05-14,IndiaSpeaks,39
2024-05-14,IndianMemeTemplates,19
2024-05-14,IndianMeyMeys,4
2024-05-14,atheismindia,8
2024-05-14,india,53
2024-05-14,indiadiscussion,29
2024-05-14,indianews,49
2024-05-14,indianmemer,51
2024-05-14,unitedstatesofindia,43
2024-05-15,IndiaSpeaks,26
2024-05-15,IndianMemeTemplates,32
2024-05-15,IndianMeyMeys,3
2024-05-15,atheismindia,12
2024-05-15,india,54
2024-05-15,indiadiscussion,23
2024-05-15,indianews,46
2024-05-15,indianmemer,45
2024-05-15,unitedstatesofindia,36
2024-05-16,IndiaSpeaks,31
2024-05-16,IndianMemeTemplates,46
2024-05-16,IndianMeyMeys,4
2024-05-16,atheismindia,8
2024-05-16,india,47
2024-05-16,indiadiscussion,10
2024-05-16,indianews,48
2024-05-16,indianmemer,64
2024-05-16,unitedstatesofindia,38
2024-05-17,IndiaSpeaks,20
2024-05-17,IndianMemeTemplates,33
2024-05-17,IndianMeyMeys,4
2024-05-17,atheismindia,6
2024-05-17,india,47
2024-05-17,indiadiscussion,27
2024-05-17,indianews,43
2024-05-17,indianmemer,53
2024-05-17,unitedstatesofindia,29
2024-05-18,IndiaSpeaks,21
2024-05-18,IndianMemeTemplates,22
2024-05-18,IndianMeyMeys,2
2024-05-18,atheismindia,10
2024-05-18,india,42
2024-05-18,indiadiscussion,12
2024-05-18,indianews,44
2024-05-18,indianmemer,32
2024-05-18,unitedstatesofindia,23
2024-05-19,IndiaSpeaks,22
2024-05-19,IndianMemeTemplates,31
2024-05-19,IndianMeyMeys,3
2024-05-19,atheismindia,13
2024-05-19,india,33
2024-05-19,indiadiscussion,26
2024-05-19,indianews,36
2024-05-19,indianmemer,45
2024-05-19,unitedstatesofindia,25
2024-05-20,IndiaSpeaks,14
2024-05-20,IndianMemeTemplates,11
2024-05-20,IndianMeyMeys,1
2024-05-20,atheismindia,12
2024-05-20,india,58
2024-05-20,indiadiscussion,23
2024-05-20,indianews,46
2024-05-20,indianmemer,28
2024-05-20,unitedstatesofindia,33
2024-05-21,IndiaSpeaks,16
2024-05-21,IndianMemeTemplates,20
2024-05-21,IndianMeyMeys,2
2024-05-21,atheismindia,14
2024-05-21,india,42
2024-05-21,indiadiscussion,19
2024-05-21,indianews,34
2024-05-21,indianmemer,31
2024-05-21,unitedstatesofindia,29
2024-05-22,IndiaSpeaks,23
2024-05-22,IndianMemeTemplates,16
2024-05-22,IndianMeyMeys,5
2024-05-22,atheismindia,16
2024-05-22,india,54
2024-05-22,indiadiscussion,19
2024-05-22,indianews,42
2024-05-22,indianmemer,41
2024-05-22,unitedstatesofindia,31
2024-05-23,IndiaSpeaks,23
2024-05-23,IndianMemeTemplates,18
2024-05-23,IndianMeyMeys,4
2024-05-23,atheismindia,6
2024-05-23,india,58
2024-05-23,indiadiscussion,18
2024-05-23,indianews,42
2024-05-23,indianmemer,28
2024-05-23,unitedstatesofindia,30
2024-05-24,IndiaSpeaks,29
2024-05-24,IndianMemeTemplates,22
2024-05-24,IndianMeyMeys,6
2024-05-24,atheismindia,14
2024-05-24,india,44
2024-05-24,indiadiscussion,14
2024-05-24,indianews,42
2024-05-24,indianmemer,29
2024-05-24,unitedstatesofindia,27
2024-05-25,IndiaSpeaks,33
2024-05-25,IndianMemeTemplates,15
2024-05-25,IndianMeyMeys,8
2024-05-25,atheismindia,7
2024-05-25,india,50
2024-05-25,indiadiscussion,26
2024-05-25,indianews,22
2024-05-25,indianmemer,25
2024-05-25,unitedstatesofindia,35
2024-05-26,IndiaSpeaks,23
2024-05-26,IndianMemeTemplates,20
2024-05-26,IndianMeyMeys,12
2024-05-26,atheismindia,14
2024-05-26,india,55
2024-05-26,indiadiscussion,14
2024-05-26,indianews,24
2024-05-26,indianmemer,23
2024-05-26,unitedstatesofindia,26
2024-05-27,IndiaSpeaks,17
2024-05-27,IndianMemeTemplates,24
2024-05-27,IndianMeyMeys,7
2024-05-27,atheismindia,13
2024-05-27,india,56
2024-05-27,indiadiscussion,31
2024-05-27,indianews,28
2024-05-27,indianmemer,39
2024-05-27,unitedstatesofindia,36
2024-05-28,IndiaSpeaks,26
2024-05-28,IndianMemeTemplates,26
2024-05-28,IndianMeyMeys,3
2024-05-28,atheismindia,10
2024-05-28,india,41
2024-05-28,indiadiscussion,19
2024-05-28,indianews,26
2024-05-28,indianmemer,36
2024-05-28,unitedstatesofindia,29
2024-05-29,IndiaSpeaks,28
2024-05-29,IndianMemeTemplates,16
2024-05-29,IndianMeyMeys,4
2024-05-29,atheismindia,13
2024-05-29,india,50
2024-05-29,indiadiscussion,28
2024-05-29,indianews,35
2024-05-29,indianmemer,18
2024-05-29,unitedstatesofindia,27
2024-05-30,IndiaSpeaks,28
2024-05-30,IndianMemeTemplates,9
2024-05-30,IndianMeyMeys,4
2024-05-30,atheismindia,12
2024-05-30,india,42
2024-05-30,indiadiscussion,31
2024-05-30,indianews,31
2024-05-30,indianmemer,19
2024-05-30,unitedstatesofindia,27
2024-05-31,IndiaSpeaks,30
2024-05-31,IndianMemeTemplates,11
2024-05-31,IndianMeyMeys,2
2024-05-31,atheismindia,6
2024-05-31,india,38
2024-05-31,indiadiscussion,30
2024-05-31,indianews,25
2024-05-31,indianmemer,19
2024-05-31,unitedstatesofindia,23
2024-06-01,IndiaSpeaks,26
2024-06-01,IndianMemeTemplates,24
2024-06-01,IndianMeyMeys,5
2024-06-01,atheismindia,12
2024-06-01,india,27
2024-06-01,indiadiscussion,38
2024-06-01,indianews,22
2024-06-01,indianmemer,18
2024-06-01,unitedstatesofindia,25
2024-06-02,IndiaSpeaks,20
2024-06-02,IndianMemeTemplates,15
2024-06-02,IndianMeyMeys,3
2024-06-02,atheismindia,4
2024-06-02,india,27
2024-06-02,indiadiscussion,42
2024-06-02,indianews,30
2024-06-02,indianmemer,19
2024-06-02,unitedstatesofindia,18
2024-06-03,IndiaSpeaks,20
2024-06-03,IndianMemeTemplates,16
2024-06-03,IndianMeyMeys,3
2024-06-03,atheismindia,16
2024-06-03,india,53
2024-06-03,indiadiscussion,37
2024-06-03,indianews,33
2024-06-03,indianmemer,17
2024-06-03,unitedstatesofindia,27
2024-06-04,IndiaSpeaks,9
2024-06-04,IndianMemeTemplates,20
2024-06-04,IndianMeyMeys,6
2024-06-04,atheismindia,15
2024-06-04,india,64
2024-06-04,indiadiscussion,96
2024-06-04,indianews,52
2024-06-04,indianmemer,67
2024-06-04,unitedstatesofindia,60
2024-06-05,IndiaSpeaks,21
2024-06-05,IndianMemeTemplates,31
2024-06-05,IndianMeyMeys,11
2024-06-05,atheismindia,14
2024-06-05,india,72
2024-06-05,indiadiscussion,11
2024-06-05,indianews,43
2024-06-05,indianmemer,49
2024-06-05,unitedstatesofindia,74
2024-06-06,IndiaSpeaks,26
2024-06-06,IndianMemeTemplates,15
2024-06-06,IndianMeyMeys,13
2024-06-06,atheismindia,13
2024-06-06,india,78
2024-06-06,indiadiscussion,2
2024-06-06,indianews,63
2024-06-06,indianmemer,56
2024-06-06,unitedstatesofindia,86
2024-06-07,IndiaSpeaks,17
2024-06-07,IndianMemeTemplates,22
2024-06-07,IndianMeyMeys,4
2024-06-07,atheismindia,11
2024-06-07,india,35
2024-06-07,indiadiscussion,1
2024-06-07,indianews,60
2024-06-07,indianmemer,33
2024-06-07,unitedstatesofindia,45
2024-06-08,IndiaSpeaks,19
2024-06-08,IndianMemeTemplates,12
2024-06-08,IndianMeyMeys,2
2024-06-08,atheismindia,14
2024-06-08,india,46
2024-06-08,indiadiscussion,3
2024-06-08,indianews,35
2024-06-08,indianmemer,40
2024-06-08,unitedstatesofindia,39
2024-06-09,IndiaSpeaks,18
2024-06-09,IndianMemeTemplates,20
2024-06-09,IndianMeyMeys,6
2024-06-09,atheismindia,8
2024-06-09,india,33
2024-06-09,indiadiscussion,3
2024-06-09,indianews,53
2024-06-09,indianmemer,41
2024-06-09,unitedstatesofindia,33
2024-06-10,IndiaSpeaks,26
2024-06-10,IndianMemeTemplates,30
2024-06-10,atheismindia,10
2024-06-10,india,46
2024-06-10,indiadiscussion,2
2024-06-10,indianews,47
2024-06-10,indianmemer,52
2024-06-10,unitedstatesofindia,22
2024-06-11,IndiaSpeaks,23
2024-06-11,IndianMemeTemplates,34
2024-06-11,IndianMeyMeys,2
2024-06-11,atheismindia,12
2024-06-11,india,48
2024-06-11,indiadiscussion,2
2024-06-11,indianews,43
2024-06-11,indianmemer,28
2024-06-11,unitedstatesofindia,39
2024-06-12,IndiaSpeaks,21
2024-06-12,IndianMemeTemplates,29
2024-06-12,IndianMeyMeys,4
2024-06-12,atheismindia,13
2024-06-12,india,46
2024-06-12,indiadiscussion,8
2024-06-12,indianews,50
2024-06-12,indianmemer,49
2024-06-12,unitedstatesofindia,31
2024-06-13,IndiaSpeaks,18
2024-06-13,IndianMemeTemplates,16
2024-06-13,IndianMeyMeys,6
2024-06-13,atheismindia,21
2024-06-13,india,41
2024-06-13,indiadiscussion,14
2024-06-13,indianews,38
2024-06-13,indianmemer,39
2024-06-13,unitedstatesofindia,28
2024-06-14,IndiaSpeaks,18
2024-06-14,IndianMemeTemplates,26
2024-06-14,IndianMeyMeys,7
2024-06-14,atheismindia,10
2024-06-14,india,51
2024-06-14,indiadiscussion,12
2024-06-14,indianews,33
2024-06-14,indianmemer,38
2024-06-14,unitedstatesofindia,33
2024-06-15,IndiaSpeaks,12
2024-06-15,IndianMemeTemplates,21
2024-06-15,IndianMeyMeys,4
2024-06-15,atheismindia,12
2024-06-15,india,46
2024-06-15,indiadiscussion,15
2024-06-15,indianews,33
2024-06-15,indianmemer,35
2024-06-15,unitedstatesofindia,28
2024-06-16,IndiaSpeaks,15
2024-06-16,IndianMemeTemplates,23
2024-06-16,IndianMeyMeys,3
2024-06-16,atheismindia,11
2024-06-16,india,28
2024-06-16,indiadiscussion,11
2024-06-16,indianews,33
2024-06-16,indianmemer,38
2024-06-16,unitedstatesofindia,26
2024-06-17,IndiaSpeaks,19
2024-06-17,IndianMemeTemplates,17
2024-06-17,IndianMeyMeys,4
2024-06-17,atheismindia,17
2024-06-17,india,47
2024-06-17,indiadiscussion,18
2024-06-17,indianews,40
2024-06-17,indianmemer,23
2024-06-17,unitedstatesofindia,27
2024-06-18,IndiaSpeaks,24
2024-06-18,IndianMemeTemplates,11
2024-06-18,IndianMeyMeys,10
2024-06-18,atheismindia,13
2024-06-18,india,50
2024-06-18,indiadiscussion,10
2024-06-18,indianews,37
2024-06-18,indianmemer,18
2024-06-18,unitedstatesofindia,31
2024-06-19,IndiaSpeaks,17
2024-06-19,IndianMemeTemplates,17
2024-06-19,IndianMeyMeys,5
2024-06-19,atheismindia,13
2024-06-19,india,49
2024-06-19,indiadiscussion,16
2024-06-19,indianews,29
2024-06-19,indianmemer,18
2024-06-19,unitedstatesofindia,28
2024-06-20,IndiaSpeaks,11
2024-06-20,IndianMemeTemplates,18
2024-06-20,IndianMeyMeys,1
2024-06-20,atheismindia,4
2024-06-20,india,14
2024-06-20,indiadiscussion,15
2024-06-20,indianews,13
2024-06-20,indianmemer,12
2024-06-20,unitedstatesofindia,10
