created_utc,subreddit,negative_count,positive_count
2023-04-05,IndianMeyMeys,1,1
2023-04-05,indianmemer,0,1
2023-04-06,IndiaSpeaks,1,0
2023-04-06,atheismindia,1,0
2023-04-06,india,1,0
2023-04-06,indianews,1,2
2023-04-07,IndiaSpeaks,1,1
2023-04-07,india,2,0
2023-04-07,indianews,2,0
2023-04-07,indianmemer,1,0
2023-04-08,IndianMemeTemplates,1,0
2023-04-08,IndianMeyMeys,1,0
2023-04-08,india,4,0
2023-04-08,indianews,1,0
2023-04-09,IndiaSpeaks,1,1
2023-04-09,IndianMemeTemplates,1,0
2023-04-09,IndianMeyMeys,1,0
2023-04-09,atheismindia,1,0
2023-04-09,india,1,0
2023-04-09,indianews,0,2
2023-04-09,unitedstatesofindia,1,0
2023-04-10,IndianMeyMeys,2,0
2023-04-10,india,1,0
2023-04-10,indianews,2,1
2023-04-10,indianmemer,0,1
2023-04-10,unitedstatesofindia,1,0
2023-04-11,IndiaSpeaks,1,0
2023-04-11,atheismindia,0,2
2023-04-11,india,1,0
2023-04-12,IndiaSpeaks,1,0
2023-04-12,IndianMeyMeys,3,1
2023-04-12,atheismindia,1,1
2023-04-12,india,1,0
2023-04-12,indianews,1,1
2023-04-12,indianmemer,1,0
2023-04-12,unitedstatesofindia,0,1
2023-04-13,IndianMeyMeys,1,0
2023-04-13,india,2,0
2023-04-13,indianews,0,1
2023-04-13,indianmemer,1,0
2023-04-14,IndiaSpeaks,1,0
2023-04-14,IndianMeyMeys,3,0
2023-04-14,atheismindia,1,1
2023-04-14,india,3,0
2023-04-14,indianews,0,1
2023-04-15,IndiaSpeaks,1,0
2023-04-15,IndianMeyMeys,2,0
2023-04-15,india,1,0
2023-04-15,indianews,1,1
2023-04-15,indianmemer,1,1
2023-04-15,unitedstatesofindia,2,0
2023-04-16,IndianMeyMeys,1,0
2023-04-16,atheismindia,1,0
2023-04-16,india,2,0
2023-04-16,indianews,2,1
2023-04-17,IndianMemeTemplates,3,0
2023-04-17,IndianMeyMeys,1,0
2023-04-17,india,1,0
2023-04-17,indianews,1,1
2023-04-18,IndiaSpeaks,1,0
2023-04-18,IndianMeyMeys,2,0
2023-04-18,atheismindia,0,1
2023-04-18,india,2,0
2023-04-18,indiadiscussion,1,0
2023-04-18,indianews,1,1
2023-04-18,indianmemer,0,1
2023-04-19,IndianMeyMeys,2,0
2023-04-19,india,1,1
2023-04-19,indianews,1,0
2023-04-19,unitedstatesofindia,1,0
2023-04-20,IndiaSpeaks,0,1
2023-04-20,IndianMemeTemplates,1,1
2023-04-20,IndianMeyMeys,1,2
2023-04-20,atheismindia,1,0
2023-04-20,india,1,0
2023-04-20,indianews,1,1
2023-04-20,indianmemer,1,0
2023-04-20,unitedstatesofindia,2,0
2023-04-21,IndianMemeTemplates,1,0
2023-04-21,IndianMeyMeys,2,0
2023-04-21,india,3,0
2023-04-21,indianmemer,1,0
2023-04-21,unitedstatesofindia,1,0
2023-04-22,IndiaSpeaks,1,0
2023-04-22,IndianMeyMeys,1,2
2023-04-22,atheismindia,1,0
2023-04-22,india,1,0
2023-04-22,indianews,0,1
2023-04-22,unitedstatesofindia,1,0
2023-04-23,IndiaSpeaks,0,2
2023-04-23,IndianMemeTemplates,2,0
2023-04-23,IndianMeyMeys,3,0
2023-04-23,atheismindia,1,0
2023-04-23,india,1,1
2023-04-23,indianews,0,1
2023-04-23,indianmemer,1,0
2023-04-23,unitedstatesofindia,0,1
2023-04-24,IndiaSpeaks,0,1
2023-04-24,IndianMemeTemplates,1,0
2023-04-24,IndianMeyMeys,2,2
2023-04-24,india,1,0
2023-04-24,indianews,1,0
2023-04-24,indianmemer,1,0
2023-04-24,unitedstatesofindia,1,0
2023-04-25,IndiaSpeaks,1,0
2023-04-25,IndianMemeTemplates,3,0
2023-04-25,IndianMeyMeys,0,1
2023-04-25,atheismindia,2,1
2023-04-25,india,1,0
2023-04-25,indianews,3,0
2023-04-25,indianmemer,0,1
2023-04-26,IndiaSpeaks,1,1
2023-04-26,IndianMeyMeys,0,2
2023-04-26,india,2,1
2023-04-26,indianews,2,0
2023-04-26,unitedstatesofindia,1,0
2023-04-27,IndiaSpeaks,1,0
2023-04-27,IndianMemeTemplates,1,0
2023-04-27,atheismindia,1,0
2023-04-27,india,4,0
2023-04-27,indianews,2,0
2023-04-27,indianmemer,1,0
2023-04-28,IndiaSpeaks,1,0
2023-04-28,IndianMemeTemplates,1,0
2023-04-28,IndianMeyMeys,2,0
2023-04-28,atheismindia,1,0
2023-04-28,india,2,0
2023-04-28,indianews,3,0
2023-04-28,unitedstatesofindia,2,0
2023-04-29,IndiaSpeaks,1,0
2023-04-29,IndianMemeTemplates,1,0
2023-04-29,IndianMeyMeys,2,1
2023-04-29,atheismindia,2,1
2023-04-29,indianews,1,1
2023-04-29,indianmemer,1,0
2023-04-29,unitedstatesofindia,0,1
2023-04-30,IndianMemeTemplates,1,0
2023-04-30,india,1,0
2023-04-30,indianews,2,0
2023-04-30,unitedstatesofindia,1,1
2023-05-01,IndiaSpeaks,2,0
2023-05-01,indianmemer,1,0
2023-05-02,IndianMeyMeys,1,0
2023-05-02,atheismindia,0,1
2023-05-02,india,2,0
2023-05-02,indianews,2,1
2023-05-03,IndianMeyMeys,2,0
2023-05-03,atheismindia,0,1
2023-05-03,indianews,1,0
2023-05-03,indianmemer,2,0
2023-05-03,unitedstatesofindia,0,1
2023-05-04,IndianMeyMeys,1,4
2023-05-04,india,2,1
2023-05-04,indiadiscussion,0,1
2023-05-04,indianews,1,0
2023-05-04,indianmemer,0,1
2023-05-04,unitedstatesofindia,1,0
2023-05-05,IndiaSpeaks,1,0
2023-05-05,IndianMeyMeys,2,0
2023-05-05,atheismindia,0,1
2023-05-05,india,1,0
2023-05-05,indianews,2,0
2023-05-05,unitedstatesofindia,1,0
2023-05-06,IndiaSpeaks,1,0
2023-05-06,IndianMeyMeys,2,0
2023-05-06,atheismindia,2,0
2023-05-06,india,1,0
2023-05-06,indianews,0,1
2023-05-06,indianmemer,1,0
2023-05-07,IndianMemeTemplates,1,0
2023-05-07,IndianMeyMeys,0,1
2023-05-07,india,1,0
2023-05-07,indianmemer,1,0
2023-05-08,IndianMeyMeys,1,1
2023-05-08,indianews,2,1
2023-05-08,unitedstatesofindia,1,0
2023-05-09,IndiaSpeaks,1,0
2023-05-09,IndianMeyMeys,2,0
2023-05-09,atheismindia,0,1
2023-05-09,india,1,0
2023-05-09,indianews,1,0
2023-05-10,IndiaSpeaks,1,0
2023-05-10,IndianMeyMeys,2,0
2023-05-10,atheismindia,0,1
2023-05-10,india,1,0
2023-05-10,indianews,0,1
2023-05-10,indianmemer,1,0
2023-05-11,IndiaSpeaks,1,0
2023-05-11,IndianMemeTemplates,1,0
2023-05-11,IndianMeyMeys,2,0
2023-05-11,atheismindia,1,0
2023-05-11,india,2,0
2023-05-11,indianews,1,0
2023-05-11,indianmemer,1,0
2023-05-12,IndianMeyMeys,3,1
2023-05-12,india,1,0
2023-05-12,indianews,1,0
2023-05-12,unitedstatesofindia,1,0
2023-05-13,IndianMeyMeys,2,0
2023-05-13,india,2,0
2023-05-13,indianews,1,0
2023-05-13,indianmemer,1,0
2023-05-14,IndiaSpeaks,1,0
2023-05-14,IndianMeyMeys,3,0
2023-05-14,atheismindia,1,0
2023-05-14,india,1,0
2023-05-14,indianmemer,2,0
2023-05-14,unitedstatesofindia,2,0
2023-05-15,IndiaSpeaks,1,0
2023-05-15,atheismindia,1,0
2023-05-15,india,1,0
2023-05-15,indianews,1,1
2023-05-15,indianmemer,2,0
2023-05-16,IndianMemeTemplates,1,0
2023-05-16,india,2,0
2023-05-16,indianews,2,1
2023-05-16,unitedstatesofindia,1,0
2023-05-17,IndianMeyMeys,2,2
2023-05-17,indianews,1,0
2023-05-17,indianmemer,0,2
2023-05-18,IndiaSpeaks,2,1
2023-05-18,IndianMeyMeys,2,1
2023-05-18,india,2,0
2023-05-18,indiadiscussion,1,0
2023-05-18,indianmemer,1,0
2023-05-19,IndianMemeTemplates,1,0
2023-05-19,IndianMeyMeys,2,1
2023-05-19,india,1,0
2023-05-19,indianmemer,1,0
2023-05-20,IndiaSpeaks,1,0
2023-05-20,IndianMeyMeys,2,0
2023-05-20,atheismindia,1,0
2023-05-20,india,5,0
2023-05-20,unitedstatesofindia,1,0
2023-05-21,IndianMemeTemplates,2,0
2023-05-21,IndianMeyMeys,2,0
2023-05-21,india,4,0
2023-05-21,indiadiscussion,1,0
2023-05-22,IndiaSpeaks,3,0
2023-05-22,IndianMeyMeys,1,0
2023-05-22,india,4,0
2023-05-22,indianews,0,1
2023-05-23,IndiaSpeaks,1,1
2023-05-23,atheismindia,1,1
2023-05-23,india,1,0
2023-05-23,indiadiscussion,0,1
2023-05-23,indianews,1,0
2023-05-23,indianmemer,0,1
2023-05-23,unitedstatesofindia,2,0
2023-05-24,IndiaSpeaks,1,0
2023-05-24,IndianMemeTemplates,1,0
2023-05-24,IndianMeyMeys,1,1
2023-05-24,atheismindia,2,0
2023-05-24,indianews,1,0
2023-05-24,indianmemer,1,0
2023-05-24,unitedstatesofindia,0,1
2023-05-25,IndiaSpeaks,2,0
2023-05-25,IndianMeyMeys,0,2
2023-05-25,india,2,0
2023-05-25,indiadiscussion,0,1
2023-05-25,indianews,1,0
2023-05-25,indianmemer,0,1
2023-05-25,unitedstatesofindia,1,0
2023-05-26,IndiaSpeaks,1,0
2023-05-26,IndianMemeTemplates,1,0
2023-05-26,IndianMeyMeys,3,0
2023-05-26,atheismindia,0,1
2023-05-26,india,1,0
2023-05-26,indianews,1,0
2023-05-26,unitedstatesofindia,2,0
2023-05-27,IndianMemeTemplates,0,1
2023-05-27,IndianMeyMeys,1,1
2023-05-27,atheismindia,1,0
2023-05-27,india,1,0
2023-05-27,indianews,1,1
2023-05-27,unitedstatesofindia,1,0
2023-05-28,IndiaSpeaks,2,1
2023-05-28,IndianMemeTemplates,1,0
2023-05-28,IndianMeyMeys,1,0
2023-05-28,atheismindia,1,0
2023-05-28,india,5,1
2023-05-28,indianews,1,0
2023-05-28,unitedstatesofindia,2,1
2023-05-29,IndiaSpeaks,1,1
2023-05-29,IndianMemeTemplates,2,0
2023-05-29,IndianMeyMeys,1,0
2023-05-29,india,2,0
2023-05-29,indianews,2,1
2023-05-29,indianmemer,2,0
2023-05-29,unitedstatesofindia,0,1
2023-05-30,IndiaSpeaks,2,0
2023-05-30,IndianMeyMeys,2,1
2023-05-30,atheismindia,1,1
2023-05-30,india,2,0
2023-05-30,indiadiscussion,0,1
2023-05-31,IndiaSpeaks,1,0
2023-05-31,IndianMemeTemplates,1,0
2023-05-31,IndianMeyMeys,3,0
2023-05-31,atheismindia,1,1
2023-05-31,india,2,0
2023-05-31,indianews,1,0
2023-05-31,unitedstatesofindia,1,2
2023-06-01,IndiaSpeaks,1,1
2023-06-01,IndianMemeTemplates,1,0
2023-06-01,IndianMeyMeys,1,0
2023-06-01,atheismindia,2,2
2023-06-01,india,1,0
2023-06-01,unitedstatesofindia,1,0
2023-06-02,IndianMemeTemplates,1,0
2023-06-02,IndianMeyMeys,1,0
2023-06-02,atheismindia,1,0
2023-06-02,india,1,0
2023-06-02,indianews,1,0
2023-06-02,indianmemer,1,0
2023-06-02,unitedstatesofindia,1,1
2023-06-03,IndiaSpeaks,2,1
2023-06-03,IndianMeyMeys,1,1
2023-06-03,atheismindia,1,0
2023-06-03,india,1,0
2023-06-03,indiadiscussion,0,1
2023-06-03,indianews,1,0
2023-06-03,indianmemer,2,0
2023-06-03,unitedstatesofindia,1,0
2023-06-04,IndiaSpeaks,1,0
2023-06-04,IndianMemeTemplates,1,0
2023-06-04,IndianMeyMeys,1,0
2023-06-04,indianews,1,0
2023-06-04,indianmemer,1,0
2023-06-04,unitedstatesofindia,1,0
2023-06-05,atheismindia,2,1
2023-06-05,india,2,0
2023-06-05,unitedstatesofindia,1,0
2023-06-06,IndianMemeTemplates,2,0
2023-06-06,IndianMeyMeys,1,0
2023-06-06,atheismindia,1,0
2023-06-06,india,4,0
2023-06-06,indianews,2,0
2023-06-06,indianmemer,2,0
2023-06-06,unitedstatesofindia,0,2
2023-06-07,IndianMemeTemplates,1,0
2023-06-07,IndianMeyMeys,2,0
2023-06-07,atheismindia,1,1
2023-06-07,india,1,0
2023-06-07,indiadiscussion,0,1
2023-06-08,IndianMemeTemplates,1,0
2023-06-08,IndianMeyMeys,2,0
2023-06-08,indianmemer,1,0
2023-06-08,unitedstatesofindia,1,0
2023-06-09,IndiaSpeaks,1,0
2023-06-09,IndianMemeTemplates,2,0
2023-06-09,IndianMeyMeys,1,1
2023-06-09,indianmemer,1,1
2023-06-09,unitedstatesofindia,1,0
2023-06-10,IndiaSpeaks,0,1
2023-06-10,atheismindia,1,0
2023-06-10,india,2,0
2023-06-10,indianews,0,1
2023-06-10,indianmemer,1,0
2023-06-10,unitedstatesofindia,1,0
2023-06-11,IndiaSpeaks,2,0
2023-06-11,IndianMemeTemplates,2,1
2023-06-11,IndianMeyMeys,2,0
2023-06-11,indianmemer,1,1
2023-06-11,unitedstatesofindia,1,0
2023-06-12,IndiaSpeaks,1,0
2023-06-12,IndianMemeTemplates,1,0
2023-06-12,IndianMeyMeys,3,1
2023-06-12,indianews,2,0
2023-06-12,indianmemer,1,0
2023-06-13,IndiaSpeaks,1,0
2023-06-13,IndianMemeTemplates,2,0
2023-06-13,IndianMeyMeys,2,0
2023-06-13,indianews,1,1
2023-06-13,indianmemer,1,0
2023-06-14,IndianMemeTemplates,2,0
2023-06-14,IndianMeyMeys,3,1
2023-06-14,india,2,0
2023-06-15,IndiaSpeaks,1,0
2023-06-15,IndianMemeTemplates,1,0
2023-06-15,IndianMeyMeys,1,1
2023-06-15,india,2,0
2023-06-15,indianews,0,1
2023-06-15,indianmemer,1,0
2023-06-15,unitedstatesofindia,0,1
2023-06-16,IndiaSpeaks,4,0
2023-06-16,IndianMemeTemplates,2,0
2023-06-16,IndianMeyMeys,3,0
2023-06-16,india,2,0
2023-06-16,indianmemer,2,0
2023-06-16,unitedstatesofindia,1,2
2023-06-17,IndiaSpeaks,2,1
2023-06-17,IndianMeyMeys,0,1
2023-06-17,india,1,0
2023-06-17,indiadiscussion,0,1
2023-06-17,indianews,1,1
2023-06-17,unitedstatesofindia,1,0
2023-06-18,IndiaSpeaks,1,0
2023-06-18,IndianMeyMeys,1,0
2023-06-18,india,3,1
2023-06-18,indiadiscussion,1,1
2023-06-18,unitedstatesofindia,2,0
2023-06-19,IndiaSpeaks,2,0
2023-06-19,IndianMemeTemplates,1,1
2023-06-19,IndianMeyMeys,2,2
2023-06-19,india,1,0
2023-06-19,indianmemer,3,0
2023-06-19,unitedstatesofindia,2,0
2023-06-20,IndiaSpeaks,1,0
2023-06-20,IndianMeyMeys,2,0
2023-06-20,india,1,0
2023-06-20,indianews,1,0
2023-06-20,unitedstatesofindia,1,0
2023-06-21,IndianMeyMeys,0,1
2023-06-21,india,2,2
2023-06-21,indianews,0,1
2023-06-21,indianmemer,1,1
2023-06-21,unitedstatesofindia,1,1
2023-06-22,IndiaSpeaks,2,0
2023-06-22,IndianMeyMeys,2,0
2023-06-22,india,3,0
2023-06-22,unitedstatesofindia,2,0
2023-06-23,IndiaSpeaks,2,0
2023-06-23,IndianMeyMeys,3,0
2023-06-23,indianmemer,1,0
2023-06-24,IndianMemeTemplates,2,0
2023-06-24,IndianMeyMeys,1,0
2023-06-24,india,1,0
2023-06-24,indiadiscussion,1,0
2023-06-24,indianews,2,0
2023-06-25,IndiaSpeaks,1,0
2023-06-25,IndianMemeTemplates,2,1
2023-06-25,IndianMeyMeys,1,1
2023-06-25,indianews,1,1
2023-06-25,indianmemer,1,0
2023-06-25,unitedstatesofindia,1,1
2023-06-26,IndianMeyMeys,2,0
2023-06-26,india,2,0
2023-06-26,indiadiscussion,1,0
2023-06-26,indianews,0,2
2023-06-26,indianmemer,2,0
2023-06-26,unitedstatesofindia,1,0
2023-06-27,indianews,1,0
2023-06-27,indianmemer,1,1
2023-06-27,unitedstatesofindia,1,1
2023-06-28,IndiaSpeaks,2,1
2023-06-28,IndianMemeTemplates,1,0
2023-06-28,IndianMeyMeys,2,1
2023-06-28,india,1,0
2023-06-28,unitedstatesofindia,1,0
2023-06-29,IndianMemeTemplates,1,0
2023-06-29,IndianMeyMeys,2,1
2023-06-29,atheismindia,0,1
2023-06-29,india,1,0
2023-06-29,indiadiscussion,1,0
2023-06-29,indianmemer,1,0
2023-06-29,unitedstatesofindia,2,0
2023-06-30,IndiaSpeaks,0,1
2023-06-30,IndianMeyMeys,2,0
2023-06-30,india,1,0
2023-06-30,indianmemer,0,1
2023-06-30,unitedstatesofindia,1,0
2023-07-01,IndiaSpeaks,1,1
2023-07-01,IndianMemeTemplates,1,0
2023-07-01,IndianMeyMeys,1,2
2023-07-01,india,2,0
2023-07-01,indianews,1,2
2023-07-01,unitedstatesofindia,1,0
2023-07-02,IndiaSpeaks,1,0
2023-07-02,IndianMemeTemplates,2,0
2023-07-02,IndianMeyMeys,2,0
2023-07-02,india,1,0
2023-07-02,indianmemer,1,0
2023-07-02,unitedstatesofindia,1,0
2023-07-03,IndianMemeTemplates,1,0
2023-07-03,IndianMeyMeys,1,0
2023-07-03,atheismindia,1,0
2023-07-03,indianews,0,1
2023-07-03,indianmemer,1,0
2023-07-03,unitedstatesofindia,2,0
2023-07-04,IndianMemeTemplates,1,0
2023-07-04,IndianMeyMeys,1,0
2023-07-04,india,1,0
2023-07-04,indiadiscussion,1,0
2023-07-04,indianews,1,1
2023-07-04,unitedstatesofindia,2,0
2023-07-05,IndiaSpeaks,2,0
2023-07-05,IndianMeyMeys,1,0
2023-07-05,india,1,0
2023-07-05,indianews,1,3
2023-07-05,unitedstatesofindia,2,0
2023-07-06,IndianMeyMeys,1,0
2023-07-06,indianews,0,1
2023-07-06,unitedstatesofindia,2,0
2023-07-07,IndianMeyMeys,3,1
2023-07-07,india,1,0
2023-07-07,indianews,1,0
2023-07-07,indianmemer,2,0
2023-07-08,IndiaSpeaks,1,1
2023-07-08,IndianMemeTemplates,1,0
2023-07-08,IndianMeyMeys,1,1
2023-07-08,india,1,0
2023-07-08,indiadiscussion,1,0
2023-07-08,indianews,2,3
2023-07-08,indianmemer,3,0
2023-07-08,unitedstatesofindia,1,1
2023-07-09,IndiaSpeaks,1,2
2023-07-09,IndianMemeTemplates,1,0
2023-07-09,IndianMeyMeys,0,2
2023-07-09,india,1,1
2023-07-09,indiadiscussion,0,1
2023-07-09,indianews,1,1
2023-07-09,indianmemer,2,0
2023-07-09,unitedstatesofindia,0,2
2023-07-10,IndiaSpeaks,1,2
2023-07-10,IndianMemeTemplates,3,0
2023-07-10,IndianMeyMeys,1,0
2023-07-10,india,0,1
2023-07-10,indianews,1,0
2023-07-10,unitedstatesofindia,1,1
2023-07-11,IndiaSpeaks,1,2
2023-07-11,IndianMemeTemplates,1,0
2023-07-11,IndianMeyMeys,2,0
2023-07-11,indianews,2,0
2023-07-11,indianmemer,1,1
2023-07-12,IndiaSpeaks,4,0
2023-07-12,IndianMemeTemplates,1,1
2023-07-12,IndianMeyMeys,1,0
2023-07-12,india,1,0
2023-07-12,indianews,0,1
2023-07-12,indianmemer,1,1
2023-07-12,unitedstatesofindia,1,0
2023-07-13,IndianMemeTemplates,1,0
2023-07-13,IndianMeyMeys,1,0
2023-07-13,india,1,0
2023-07-13,indianews,1,1
2023-07-13,indianmemer,2,0
2023-07-13,unitedstatesofindia,1,0
2023-07-14,IndiaSpeaks,2,0
2023-07-14,IndianMemeTemplates,2,0
2023-07-14,india,4,0
2023-07-14,indianews,3,2
2023-07-14,indianmemer,1,0
2023-07-14,unitedstatesofindia,1,0
2023-07-15,IndiaSpeaks,2,0
2023-07-15,IndianMemeTemplates,3,0
2023-07-15,IndianMeyMeys,1,0
2023-07-15,indianews,1,0
2023-07-15,indianmemer,1,0
2023-07-16,IndiaSpeaks,2,1
2023-07-16,IndianMemeTemplates,0,1
2023-07-16,IndianMeyMeys,2,0
2023-07-16,india,1,0
2023-07-16,indianmemer,1,1
2023-07-16,unitedstatesofindia,2,0
2023-07-17,IndiaSpeaks,1,0
2023-07-17,IndianMemeTemplates,2,0
2023-07-17,IndianMeyMeys,1,1
2023-07-17,india,1,0
2023-07-17,indianmemer,0,1
2023-07-17,unitedstatesofindia,1,1
2023-07-18,IndiaSpeaks,1,0
2023-07-18,IndianMemeTemplates,2,0
2023-07-18,IndianMeyMeys,3,2
2023-07-18,india,1,0
2023-07-18,indianews,0,1
2023-07-18,indianmemer,1,0
2023-07-18,unitedstatesofindia,1,0
2023-07-19,IndianMeyMeys,0,1
2023-07-19,india,1,0
2023-07-19,indianews,0,2
2023-07-19,unitedstatesofindia,2,0
2023-07-20,IndianMemeTemplates,1,0
2023-07-20,IndianMeyMeys,1,0
2023-07-20,india,2,0
2023-07-20,indianews,1,2
2023-07-20,indianmemer,2,0
2023-07-20,unitedstatesofindia,3,0
2023-07-21,IndiaSpeaks,0,1
2023-07-21,IndianMeyMeys,2,0
2023-07-21,atheismindia,1,1
2023-07-21,india,1,1
2023-07-21,indianews,1,1
2023-07-21,indianmemer,1,0
2023-07-21,unitedstatesofindia,4,0
2023-07-22,IndianMeyMeys,4,1
2023-07-22,atheismindia,0,1
2023-07-22,india,2,1
2023-07-22,indianews,1,0
2023-07-22,indianmemer,2,0
2023-07-23,IndiaSpeaks,1,1
2023-07-23,IndianMeyMeys,1,0
2023-07-23,atheismindia,1,1
2023-07-23,india,1,1
2023-07-23,indianews,2,0
2023-07-23,indianmemer,1,0
2023-07-23,unitedstatesofindia,2,0
2023-07-24,IndiaSpeaks,1,0
2023-07-24,IndianMeyMeys,2,1
2023-07-24,atheismindia,1,0
2023-07-24,indiadiscussion,0,1
2023-07-24,indianews,1,1
2023-07-24,indianmemer,2,0
2023-07-24,unitedstatesofindia,2,2
2023-07-25,IndiaSpeaks,1,0
2023-07-25,IndianMemeTemplates,2,0
2023-07-25,IndianMeyMeys,1,1
2023-07-25,atheismindia,0,1
2023-07-25,india,4,0
2023-07-25,indianmemer,1,0
2023-07-25,unitedstatesofindia,1,2
2023-07-26,IndianMeyMeys,0,1
2023-07-26,atheismindia,1,0
2023-07-26,india,1,0
2023-07-26,indiadiscussion,0,1
2023-07-26,indianews,0,1
2023-07-26,indianmemer,0,1
2023-07-26,unitedstatesofindia,2,0
2023-07-27,IndianMemeTemplates,1,0
2023-07-27,IndianMeyMeys,1,0
2023-07-27,india,3,0
2023-07-27,indiadiscussion,2,1
2023-07-27,indianews,0,1
2023-07-27,indianmemer,1,0
2023-07-27,unitedstatesofindia,2,1
2023-07-28,IndianMemeTemplates,3,0
2023-07-28,IndianMeyMeys,3,0
2023-07-28,atheismindia,1,1
2023-07-28,india,2,0
2023-07-28,indiadiscussion,0,1
2023-07-28,unitedstatesofindia,1,0
2023-07-29,IndiaSpeaks,2,1
2023-07-29,IndianMemeTemplates,2,0
2023-07-29,IndianMeyMeys,3,0
2023-07-29,india,1,0
2023-07-29,indiadiscussion,0,2
2023-07-29,indianews,2,1
2023-07-29,unitedstatesofindia,0,1
2023-07-30,IndiaSpeaks,1,0
2023-07-30,IndianMeyMeys,2,0
2023-07-30,india,2,0
2023-07-30,indiadiscussion,0,1
2023-07-30,indianews,0,1
2023-07-30,unitedstatesofindia,1,0
2023-07-31,IndiaSpeaks,1,0
2023-07-31,IndianMemeTemplates,1,0
2023-07-31,IndianMeyMeys,1,0
2023-07-31,atheismindia,0,2
2023-07-31,india,1,0
2023-07-31,indianews,1,1
2023-07-31,indianmemer,1,0
2023-07-31,unitedstatesofindia,1,1
2023-08-01,IndiaSpeaks,0,1
2023-08-01,IndianMeyMeys,1,1
2023-08-01,india,0,1
2023-08-01,indianews,0,3
2023-08-01,indianmemer,1,0
2023-08-01,unitedstatesofindia,2,0
2023-08-02,IndiaSpeaks,0,1
2023-08-02,IndianMemeTemplates,2,0
2023-08-02,IndianMeyMeys,2,0
2023-08-02,india,2,0
2023-08-02,indianews,0,1
2023-08-02,unitedstatesofindia,0,1
2023-08-03,IndianMemeTemplates,1,1
2023-08-03,india,1,0
2023-08-03,indiadiscussion,0,1
2023-08-03,indianews,0,3
2023-08-03,indianmemer,0,1
2023-08-04,IndianMeyMeys,4,2
2023-08-04,india,1,0
2023-08-04,indiadiscussion,0,1
2023-08-04,indianews,0,1
2023-08-04,indianmemer,1,0
2023-08-04,unitedstatesofindia,1,0
2023-08-05,IndiaSpeaks,0,1
2023-08-05,IndianMemeTemplates,2,0
2023-08-05,india,3,0
2023-08-05,indiadiscussion,0,1
2023-08-05,indianews,1,3
2023-08-05,indianmemer,2,0
2023-08-06,IndianMemeTemplates,1,0
2023-08-06,IndianMeyMeys,0,2
2023-08-06,atheismindia,1,0
2023-08-06,india,2,1
2023-08-06,indianews,1,2
2023-08-06,unitedstatesofindia,0,1
2023-08-07,IndianMemeTemplates,2,1
2023-08-07,IndianMeyMeys,0,1
2023-08-07,india,1,0
2023-08-07,indianews,3,0
2023-08-07,indianmemer,1,0
2023-08-07,unitedstatesofindia,0,1
2023-08-08,IndiaSpeaks,1,0
2023-08-08,IndianMeyMeys,1,0
2023-08-08,atheismindia,1,2
2023-08-08,indianews,2,1
2023-08-08,indianmemer,1,0
2023-08-09,IndianMemeTemplates,2,1
2023-08-09,IndianMeyMeys,1,1
2023-08-09,indiadiscussion,1,0
2023-08-09,indianews,1,1
2023-08-09,unitedstatesofindia,1,0
2023-08-10,IndiaSpeaks,2,0
2023-08-10,IndianMeyMeys,3,1
2023-08-10,atheismindia,1,0
2023-08-10,india,1,0
2023-08-10,indianews,1,0
2023-08-10,indianmemer,1,1
2023-08-10,unitedstatesofindia,1,1
2023-08-11,IndiaSpeaks,1,1
2023-08-11,IndianMemeTemplates,1,0
2023-08-11,IndianMeyMeys,1,0
2023-08-11,atheismindia,0,1
2023-08-11,india,1,0
2023-08-11,indianews,1,0
2023-08-11,unitedstatesofindia,1,0
2023-08-12,IndianMemeTemplates,2,0
2023-08-12,atheismindia,0,1
2023-08-12,indiadiscussion,1,0
2023-08-12,unitedstatesofindia,2,0
2023-08-13,IndiaSpeaks,1,0
2023-08-13,IndianMemeTemplates,2,0
2023-08-13,IndianMeyMeys,2,0
2023-08-13,atheismindia,0,1
2023-08-13,indiadiscussion,0,3
2023-08-13,indianews,0,1
2023-08-13,indianmemer,1,0
2023-08-14,IndiaSpeaks,1,0
2023-08-14,IndianMemeTemplates,1,0
2023-08-14,IndianMeyMeys,2,0
2023-08-14,atheismindia,1,0
2023-08-14,indiadiscussion,0,3
2023-08-14,indianews,1,0
2023-08-14,indianmemer,1,0
2023-08-14,unitedstatesofindia,1,0
2023-08-15,IndiaSpeaks,3,1
2023-08-15,IndianMemeTemplates,1,0
2023-08-15,IndianMeyMeys,1,0
2023-08-15,india,1,0
2023-08-15,indiadiscussion,0,1
2023-08-15,indianews,2,0
2023-08-15,indianmemer,1,1
2023-08-15,unitedstatesofindia,0,1
2023-08-16,IndianMemeTemplates,1,0
2023-08-16,india,0,1
2023-08-16,indianmemer,1,0
2023-08-16,unitedstatesofindia,1,0
2023-08-17,india,1,0
2023-08-17,indiadiscussion,1,1
2023-08-17,indianews,1,1
2023-08-17,unitedstatesofindia,1,0
2023-08-18,IndiaSpeaks,1,0
2023-08-18,IndianMemeTemplates,2,0
2023-08-18,atheismindia,1,0
2023-08-18,india,1,0
2023-08-18,indiadiscussion,0,1
2023-08-19,IndiaSpeaks,3,1
2023-08-19,IndianMemeTemplates,2,0
2023-08-19,IndianMeyMeys,1,0
2023-08-19,india,1,0
2023-08-19,indiadiscussion,1,0
2023-08-19,unitedstatesofindia,1,0
2023-08-20,IndianMemeTemplates,2,0
2023-08-20,IndianMeyMeys,3,0
2023-08-20,atheismindia,1,0
2023-08-20,india,1,0
2023-08-20,indiadiscussion,1,0
2023-08-20,indianews,1,0
2023-08-20,indianmemer,1,0
2023-08-20,unitedstatesofindia,1,0
2023-08-21,IndiaSpeaks,1,0
2023-08-21,IndianMemeTemplates,2,1
2023-08-21,atheismindia,1,0
2023-08-21,india,1,0
2023-08-21,indiadiscussion,1,1
2023-08-21,unitedstatesofindia,1,1
2023-08-22,IndiaSpeaks,1,1
2023-08-22,IndianMemeTemplates,1,0
2023-08-22,IndianMeyMeys,2,0
2023-08-22,atheismindia,1,0
2023-08-22,india,1,1
2023-08-22,indiadiscussion,3,0
2023-08-22,indianews,1,0
2023-08-22,unitedstatesofindia,1,0
2023-08-23,IndiaSpeaks,3,1
2023-08-23,IndianMemeTemplates,3,0
2023-08-23,IndianMeyMeys,1,2
2023-08-23,atheismindia,1,1
2023-08-23,india,2,0
2023-08-23,indiadiscussion,1,4
2023-08-23,indianews,2,2
2023-08-23,unitedstatesofindia,3,0
2023-08-24,IndiaSpeaks,2,1
2023-08-24,IndianMeyMeys,1,0
2023-08-24,atheismindia,1,0
2023-08-24,indiadiscussion,2,1
2023-08-24,indianews,2,1
2023-08-24,unitedstatesofindia,1,2
2023-08-25,IndiaSpeaks,1,0
2023-08-25,atheismindia,4,0
2023-08-25,india,2,0
2023-08-25,indiadiscussion,1,1
2023-08-25,indianews,2,0
2023-08-25,indianmemer,1,0
2023-08-25,unitedstatesofindia,1,0
2023-08-26,IndiaSpeaks,1,0
2023-08-26,IndianMemeTemplates,1,0
2023-08-26,IndianMeyMeys,1,0
2023-08-26,india,1,0
2023-08-26,indiadiscussion,1,2
2023-08-26,indianmemer,2,0
2023-08-27,IndiaSpeaks,2,0
2023-08-27,IndianMemeTemplates,1,0
2023-08-27,IndianMeyMeys,1,0
2023-08-27,atheismindia,1,1
2023-08-27,india,2,0
2023-08-27,indiadiscussion,1,0
2023-08-27,indianews,1,0
2023-08-27,unitedstatesofindia,1,0
2023-08-28,IndianMemeTemplates,3,0
2023-08-28,india,2,0
2023-08-28,indiadiscussion,1,0
2023-08-28,indianews,2,1
2023-08-28,unitedstatesofindia,0,1
2023-08-29,IndianMemeTemplates,1,0
2023-08-29,IndianMeyMeys,1,0
2023-08-29,atheismindia,1,0
2023-08-29,india,1,0
2023-08-29,indiadiscussion,1,0
2023-08-29,indianews,0,1
2023-08-30,IndiaSpeaks,2,0
2023-08-30,IndianMemeTemplates,2,0
2023-08-30,IndianMeyMeys,3,0
2023-08-30,atheismindia,1,0
2023-08-30,india,1,0
2023-08-30,indiadiscussion,1,2
2023-08-30,indianews,0,1
2023-08-30,indianmemer,1,0
2023-08-30,unitedstatesofindia,1,0
2023-08-31,IndiaSpeaks,2,0
2023-08-31,IndianMemeTemplates,1,0
2023-08-31,india,2,0
2023-08-31,indiadiscussion,1,0
2023-08-31,indianews,1,0
2023-09-01,IndiaSpeaks,1,0
2023-09-01,IndianMeyMeys,0,1
2023-09-01,india,2,0
2023-09-01,indiadiscussion,1,0
2023-09-01,indianews,1,0
2023-09-02,IndianMemeTemplates,1,0
2023-09-02,IndianMeyMeys,1,0
2023-09-02,atheismindia,2,0
2023-09-02,india,1,1
2023-09-02,indianmemer,1,0
2023-09-03,IndianMeyMeys,2,0
2023-09-03,atheismindia,2,0
2023-09-03,india,1,0
2023-09-03,indiadiscussion,0,1
2023-09-03,indianews,1,0
2023-09-03,unitedstatesofindia,2,1
2023-09-04,IndiaSpeaks,0,1
2023-09-04,IndianMemeTemplates,1,0
2023-09-04,IndianMeyMeys,3,0
2023-09-04,atheismindia,2,0
2023-09-04,india,1,0
2023-09-04,indiadiscussion,1,0
2023-09-05,IndiaSpeaks,1,0
2023-09-05,IndianMeyMeys,1,0
2023-09-05,atheismindia,1,0
2023-09-05,india,1,1
2023-09-05,indianmemer,1,0
2023-09-05,unitedstatesofindia,0,2
2023-09-06,IndiaSpeaks,2,0
2023-09-06,IndianMemeTemplates,1,0
2023-09-06,IndianMeyMeys,1,0
2023-09-06,atheismindia,1,0
2023-09-06,india,2,0
2023-09-06,unitedstatesofindia,2,0
2023-09-07,IndianMemeTemplates,1,1
2023-09-07,atheismindia,0,1
2023-09-08,IndianMemeTemplates,1,0
2023-09-08,atheismindia,1,0
2023-09-08,india,1,0
2023-09-08,indiadiscussion,0,1
2023-09-08,indianmemer,1,0
2023-09-08,unitedstatesofindia,2,0
2023-09-09,IndianMemeTemplates,1,0
2023-09-09,IndianMeyMeys,2,1
2023-09-09,atheismindia,2,0
2023-09-09,india,2,0
2023-09-09,indiadiscussion,1,1
2023-09-09,unitedstatesofindia,1,0
2023-09-10,IndiaSpeaks,0,1
2023-09-10,IndianMeyMeys,1,0
2023-09-10,indiadiscussion,0,1
2023-09-10,unitedstatesofindia,2,0
2023-09-11,IndiaSpeaks,2,0
2023-09-11,IndianMemeTemplates,1,0
2023-09-11,atheismindia,3,0
2023-09-11,unitedstatesofindia,0,1
2023-09-12,IndianMemeTemplates,1,0
2023-09-12,atheismindia,1,0
2023-09-12,india,4,0
2023-09-12,indiadiscussion,2,0
2023-09-12,indianmemer,0,1
2023-09-13,IndiaSpeaks,0,1
2023-09-13,IndianMemeTemplates,1,0
2023-09-13,IndianMeyMeys,1,2
2023-09-13,india,3,0
2023-09-13,indiadiscussion,1,0
2023-09-13,indianmemer,0,1
2023-09-14,IndianMemeTemplates,2,1
2023-09-14,IndianMeyMeys,1,0
2023-09-14,atheismindia,2,1
2023-09-14,india,1,0
2023-09-14,indiadiscussion,0,2
2023-09-14,indianews,2,0
2023-09-14,unitedstatesofindia,1,0
2023-09-15,IndianMemeTemplates,1,0
2023-09-15,IndianMeyMeys,3,0
2023-09-15,atheismindia,2,1
2023-09-15,indiadiscussion,0,1
2023-09-16,IndianMeyMeys,2,0
2023-09-16,atheismindia,0,2
2023-09-16,india,1,0
2023-09-16,indiadiscussion,3,1
2023-09-16,indianmemer,1,1
2023-09-16,unitedstatesofindia,1,0
2023-09-17,IndianMemeTemplates,0,1
2023-09-17,IndianMeyMeys,2,0
2023-09-17,atheismindia,2,2
2023-09-17,india,3,0
2023-09-17,indiadiscussion,1,1
2023-09-17,indianmemer,1,1
2023-09-17,unitedstatesofindia,2,0
2023-09-18,IndiaSpeaks,1,1
2023-09-18,IndianMemeTemplates,2,0
2023-09-18,IndianMeyMeys,3,0
2023-09-18,atheismindia,1,0
2023-09-18,india,1,0
2023-09-18,indiadiscussion,1,0
2023-09-18,unitedstatesofindia,0,1
2023-09-19,IndiaSpeaks,2,0
2023-09-19,IndianMemeTemplates,1,0
2023-09-19,IndianMeyMeys,0,1
2023-09-19,atheismindia,0,1
2023-09-19,india,1,0
2023-09-19,indiadiscussion,0,2
2023-09-19,indianews,1,0
2023-09-19,unitedstatesofindia,1,0
2023-09-20,IndiaSpeaks,4,1
2023-09-20,IndianMemeTemplates,1,0
2023-09-20,IndianMeyMeys,2,1
2023-09-20,atheismindia,0,1
2023-09-20,india,2,0
2023-09-20,indiadiscussion,1,2
2023-09-20,indianews,1,0
2023-09-20,unitedstatesofindia,1,0
2023-09-21,IndianMemeTemplates,3,0
2023-09-21,IndianMeyMeys,1,1
2023-09-21,atheismindia,1,0
2023-09-21,india,1,1
2023-09-21,indianews,1,1
2023-09-21,indianmemer,1,0
2023-09-22,IndiaSpeaks,1,1
2023-09-22,IndianMeyMeys,3,1
2023-09-22,atheismindia,1,0
2023-09-22,india,1,0
2023-09-22,indiadiscussion,2,0
2023-09-22,indianews,1,0
2023-09-22,indianmemer,1,0
2023-09-22,unitedstatesofindia,1,0
2023-09-23,IndiaSpeaks,1,0
2023-09-23,IndianMemeTemplates,2,1
2023-09-23,IndianMeyMeys,1,0
2023-09-23,atheismindia,0,1
2023-09-23,indiadiscussion,1,0
2023-09-23,indianews,0,1
2023-09-24,IndiaSpeaks,0,1
2023-09-24,IndianMemeTemplates,3,1
2023-09-24,IndianMeyMeys,1,0
2023-09-24,atheismindia,0,1
2023-09-24,india,1,1
2023-09-24,indianews,0,1
2023-09-24,indianmemer,1,0
2023-09-25,IndianMemeTemplates,1,0
2023-09-25,IndianMeyMeys,0,2
2023-09-25,india,1,0
2023-09-25,indiadiscussion,1,1
2023-09-25,indianews,1,0
2023-09-25,indianmemer,2,0
2023-09-26,IndiaSpeaks,1,0
2023-09-26,IndianMemeTemplates,2,1
2023-09-26,IndianMeyMeys,5,1
2023-09-26,atheismindia,1,0
2023-09-26,india,1,0
2023-09-26,indiadiscussion,0,2
2023-09-26,indianews,0,1
2023-09-26,indianmemer,2,1
2023-09-27,IndiaSpeaks,2,0
2023-09-27,IndianMemeTemplates,1,0
2023-09-27,IndianMeyMeys,1,1
2023-09-27,atheismindia,0,1
2023-09-27,indiadiscussion,1,0
2023-09-27,indianews,0,1
2023-09-27,indianmemer,2,1
2023-09-27,unitedstatesofindia,0,1
2023-09-28,IndiaSpeaks,1,1
2023-09-28,IndianMeyMeys,0,2
2023-09-28,atheismindia,2,0
2023-09-28,india,1,0
2023-09-28,indiadiscussion,1,1
2023-09-28,indianews,0,1
2023-09-28,indianmemer,2,0
2023-09-28,unitedstatesofindia,1,0
2023-09-29,IndiaSpeaks,1,0
2023-09-29,IndianMemeTemplates,1,0
2023-09-29,IndianMeyMeys,1,0
2023-09-29,atheismindia,1,0
2023-09-29,india,1,0
2023-09-29,indiadiscussion,2,0
2023-09-29,indianmemer,2,0
2023-09-30,IndiaSpeaks,1,0
2023-09-30,IndianMeyMeys,2,0
2023-09-30,india,1,0
2023-09-30,indianmemer,1,1
2023-09-30,unitedstatesofindia,1,0
2023-10-01,IndiaSpeaks,1,1
2023-10-01,IndianMemeTemplates,1,1
2023-10-01,IndianMeyMeys,0,2
2023-10-01,atheismindia,1,1
2023-10-01,india,4,0
2023-10-01,indiadiscussion,0,1
2023-10-01,indianmemer,1,0
2023-10-02,IndiaSpeaks,1,0
2023-10-02,IndianMemeTemplates,2,0
2023-10-02,IndianMeyMeys,1,3
2023-10-02,atheismindia,1,0
2023-10-02,india,1,0
2023-10-02,unitedstatesofindia,2,0
2023-10-03,IndianMemeTemplates,2,0
2023-10-03,IndianMeyMeys,0,1
2023-10-03,atheismindia,1,1
2023-10-03,india,1,0
2023-10-03,indiadiscussion,1,2
2023-10-03,indianmemer,3,2
2023-10-03,unitedstatesofindia,0,1
2023-10-04,IndiaSpeaks,1,0
2023-10-04,IndianMemeTemplates,1,2
2023-10-04,IndianMeyMeys,3,1
2023-10-04,atheismindia,1,0
2023-10-05,IndiaSpeaks,1,0
2023-10-05,IndianMemeTemplates,0,3
2023-10-05,IndianMeyMeys,2,0
2023-10-05,atheismindia,2,0
2023-10-05,india,1,0
2023-10-05,indiadiscussion,0,1
2023-10-05,indianmemer,2,0
2023-10-05,unitedstatesofindia,2,0
2023-10-06,IndianMemeTemplates,2,0
2023-10-06,IndianMeyMeys,3,1
2023-10-06,india,2,0
2023-10-06,indiadiscussion,0,2
2023-10-06,indianews,1,0
2023-10-06,indianmemer,0,1
2023-10-07,IndianMemeTemplates,3,1
2023-10-07,india,2,0
2023-10-07,indiadiscussion,0,1
2023-10-07,indianews,2,2
2023-10-07,indianmemer,3,0
2023-10-07,unitedstatesofindia,1,0
2023-10-08,IndianMemeTemplates,1,1
2023-10-08,IndianMeyMeys,1,1
2023-10-08,atheismindia,1,0
2023-10-08,indiadiscussion,1,3
2023-10-08,indianews,1,0
2023-10-08,indianmemer,3,1
2023-10-09,IndiaSpeaks,1,0
2023-10-09,IndianMemeTemplates,1,0
2023-10-09,IndianMeyMeys,1,0
2023-10-09,indiadiscussion,2,1
2023-10-09,indianews,1,1
2023-10-09,unitedstatesofindia,1,0
2023-10-10,IndiaSpeaks,1,0
2023-10-10,IndianMemeTemplates,3,0
2023-10-10,IndianMeyMeys,1,0
2023-10-10,india,2,0
2023-10-10,indiadiscussion,0,1
2023-10-10,indianmemer,1,0
2023-10-10,unitedstatesofindia,0,1
2023-10-11,IndiaSpeaks,2,0
2023-10-11,IndianMemeTemplates,2,2
2023-10-11,IndianMeyMeys,2,0
2023-10-11,india,1,0
2023-10-11,unitedstatesofindia,1,0
2023-10-12,IndiaSpeaks,2,0
2023-10-12,IndianMemeTemplates,2,1
2023-10-12,IndianMeyMeys,2,0
2023-10-12,india,3,0
2023-10-12,indiadiscussion,0,1
2023-10-12,indianmemer,1,0
2023-10-13,IndiaSpeaks,1,1
2023-10-13,IndianMemeTemplates,4,1
2023-10-13,IndianMeyMeys,3,0
2023-10-13,unitedstatesofindia,2,1
2023-10-14,IndiaSpeaks,1,2
2023-10-14,IndianMemeTemplates,1,0
2023-10-14,IndianMeyMeys,1,0
2023-10-14,atheismindia,3,0
2023-10-14,india,1,0
2023-10-14,indiadiscussion,0,2
2023-10-14,indianews,0,1
2023-10-14,indianmemer,1,1
2023-10-14,unitedstatesofindia,1,0
2023-10-15,IndiaSpeaks,2,0
2023-10-15,IndianMemeTemplates,3,0
2023-10-15,indiadiscussion,0,4
2023-10-15,indianews,1,0
2023-10-15,unitedstatesofindia,1,1
2023-10-16,IndiaSpeaks,1,0
2023-10-16,IndianMemeTemplates,2,1
2023-10-16,IndianMeyMeys,0,1
2023-10-16,atheismindia,1,0
2023-10-16,india,1,0
2023-10-16,indiadiscussion,2,1
2023-10-16,indianmemer,1,0
2023-10-17,IndiaSpeaks,1,0
2023-10-17,IndianMemeTemplates,2,1
2023-10-17,IndianMeyMeys,2,0
2023-10-17,atheismindia,1,1
2023-10-17,india,2,0
2023-10-17,indiadiscussion,1,2
2023-10-17,indianmemer,1,1
2023-10-17,unitedstatesofindia,2,0
2023-10-18,IndiaSpeaks,2,0
2023-10-18,IndianMemeTemplates,2,1
2023-10-18,IndianMeyMeys,1,1
2023-10-18,india,2,0
2023-10-18,indiadiscussion,0,1
2023-10-18,indianews,0,1
2023-10-18,indianmemer,1,0
2023-10-19,IndiaSpeaks,2,0
2023-10-19,IndianMemeTemplates,3,1
2023-10-19,atheismindia,1,0
2023-10-19,indianmemer,1,2
2023-10-20,IndiaSpeaks,1,0
2023-10-20,IndianMemeTemplates,4,0
2023-10-20,india,1,0
2023-10-20,indiadiscussion,0,1
2023-10-20,indianews,0,1
2023-10-20,indianmemer,1,1
2023-10-21,IndiaSpeaks,2,1
2023-10-21,IndianMemeTemplates,1,0
2023-10-21,IndianMeyMeys,3,0
2023-10-22,IndiaSpeaks,2,0
2023-10-22,IndianMemeTemplates,3,0
2023-10-22,IndianMeyMeys,1,0
2023-10-22,atheismindia,3,0
2023-10-22,indiadiscussion,2,2
2023-10-22,indianmemer,2,0
2023-10-23,IndiaSpeaks,1,0
2023-10-23,IndianMemeTemplates,2,0
2023-10-23,IndianMeyMeys,0,1
2023-10-23,atheismindia,0,1
2023-10-23,india,2,0
2023-10-23,indiadiscussion,0,1
2023-10-23,indianews,1,0
2023-10-23,indianmemer,4,0
2023-10-24,IndiaSpeaks,1,0
2023-10-24,IndianMeyMeys,3,0
2023-10-24,atheismindia,0,1
2023-10-24,indianmemer,2,1
2023-10-24,unitedstatesofindia,1,0
2023-10-25,IndianMemeTemplates,1,0
2023-10-25,IndianMeyMeys,3,0
2023-10-25,atheismindia,1,0
2023-10-25,india,2,0
2023-10-25,indiadiscussion,1,1
2023-10-25,indianmemer,1,4
2023-10-26,IndiaSpeaks,2,0
2023-10-26,IndianMemeTemplates,3,0
2023-10-26,IndianMeyMeys,3,0
2023-10-26,atheismindia,1,0
2023-10-26,india,2,0
2023-10-26,indiadiscussion,1,1
2023-10-26,indianews,1,0
2023-10-26,indianmemer,2,1
2023-10-26,unitedstatesofindia,0,1
2023-10-27,IndiaSpeaks,0,1
2023-10-27,IndianMemeTemplates,3,0
2023-10-27,IndianMeyMeys,1,1
2023-10-27,atheismindia,0,1
2023-10-27,indiadiscussion,1,0
2023-10-27,indianmemer,3,0
2023-10-27,unitedstatesofindia,1,0
2023-10-28,IndiaSpeaks,0,1
2023-10-28,IndianMemeTemplates,1,1
2023-10-28,IndianMeyMeys,2,1
2023-10-28,atheismindia,1,1
2023-10-28,india,3,0
2023-10-28,indiadiscussion,1,0
2023-10-28,indianmemer,1,1
2023-10-28,unitedstatesofindia,0,1
2023-10-29,IndiaSpeaks,1,1
2023-10-29,IndianMemeTemplates,3,0
2023-10-29,IndianMeyMeys,2,0
2023-10-29,atheismindia,3,0
2023-10-29,indiadiscussion,1,0
2023-10-29,indianmemer,2,0
2023-10-30,IndiaSpeaks,2,0
2023-10-30,IndianMemeTemplates,3,0
2023-10-30,IndianMeyMeys,2,1
2023-10-30,india,2,0
2023-10-30,indiadiscussion,1,0
2023-10-30,indianmemer,1,0
2023-10-31,IndiaSpeaks,2,0
2023-10-31,IndianMemeTemplates,2,0
2023-10-31,IndianMeyMeys,1,0
2023-10-31,india,1,0
2023-10-31,indianmemer,2,1
2023-10-31,unitedstatesofindia,2,0
2023-11-01,IndiaSpeaks,0,1
2023-11-01,IndianMemeTemplates,2,0
2023-11-01,IndianMeyMeys,1,0
2023-11-01,atheismindia,3,0
2023-11-01,india,1,0
2023-11-01,indiadiscussion,0,1
2023-11-01,indianews,0,1
2023-11-01,indianmemer,3,1
2023-11-02,IndianMemeTemplates,2,0
2023-11-02,IndianMeyMeys,1,0
2023-11-02,atheismindia,2,2
2023-11-02,india,2,0
2023-11-02,indiadiscussion,1,1
2023-11-03,IndiaSpeaks,2,0
2023-11-03,IndianMemeTemplates,3,0
2023-11-03,IndianMeyMeys,2,0
2023-11-03,india,3,0
2023-11-03,indianews,1,0
2023-11-03,indianmemer,0,1
2023-11-04,IndiaSpeaks,1,0
2023-11-04,IndianMemeTemplates,3,2
2023-11-04,IndianMeyMeys,1,0
2023-11-04,atheismindia,2,0
2023-11-04,india,2,0
2023-11-04,indiadiscussion,1,1
2023-11-04,indianmemer,3,2
2023-11-04,unitedstatesofindia,0,1
2023-11-05,IndiaSpeaks,2,0
2023-11-05,IndianMemeTemplates,3,0
2023-11-05,IndianMeyMeys,1,0
2023-11-05,atheismindia,1,0
2023-11-05,indiadiscussion,0,2
2023-11-06,IndiaSpeaks,3,0
2023-11-06,IndianMemeTemplates,4,0
2023-11-06,IndianMeyMeys,2,0
2023-11-06,atheismindia,0,1
2023-11-06,india,2,0
2023-11-06,indiadiscussion,1,2
2023-11-06,indianmemer,0,4
2023-11-06,unitedstatesofindia,0,1
2023-11-07,IndianMemeTemplates,0,2
2023-11-07,IndianMeyMeys,1,2
2023-11-07,atheismindia,0,1
2023-11-07,india,0,1
2023-11-07,unitedstatesofindia,0,1
2023-11-08,IndianMemeTemplates,1,0
2023-11-08,atheismindia,2,0
2023-11-08,india,1,1
2023-11-08,indiadiscussion,0,2
2023-11-08,indianmemer,1,1
2023-11-08,unitedstatesofindia,0,1
2023-11-09,IndianMemeTemplates,1,2
2023-11-09,IndianMeyMeys,2,0
2023-11-09,atheismindia,1,0
2023-11-09,india,1,0
2023-11-09,indiadiscussion,1,1
2023-11-09,indianmemer,1,1
2023-11-10,IndiaSpeaks,1,1
2023-11-10,IndianMeyMeys,1,0
2023-11-10,atheismindia,0,1
2023-11-10,india,2,0
2023-11-10,indiadiscussion,0,1
2023-11-10,indianmemer,2,0
2023-11-10,unitedstatesofindia,1,1
2023-11-11,IndianMemeTemplates,2,0
2023-11-11,IndianMeyMeys,2,0
2023-11-11,atheismindia,1,0
2023-11-11,india,2,0
2023-11-11,indianmemer,0,2
2023-11-12,IndiaSpeaks,2,1
2023-11-12,IndianMemeTemplates,3,0
2023-11-12,IndianMeyMeys,1,0
2023-11-12,atheismindia,2,2
2023-11-12,india,2,1
2023-11-12,indiadiscussion,0,1
2023-11-12,indianmemer,2,0
2023-11-12,unitedstatesofindia,2,1
2023-11-13,IndiaSpeaks,0,1
2023-11-13,IndianMemeTemplates,4,0
2023-11-13,IndianMeyMeys,2,0
2023-11-13,atheismindia,1,1
2023-11-13,india,2,0
2023-11-13,indianmemer,2,2
2023-11-13,unitedstatesofindia,1,0
2023-11-14,IndiaSpeaks,2,0
2023-11-14,IndianMemeTemplates,1,1
2023-11-14,IndianMeyMeys,3,0
2023-11-14,atheismindia,2,1
2023-11-14,india,2,1
2023-11-14,indiadiscussion,0,1
2023-11-15,IndiaSpeaks,3,0
2023-11-15,IndianMemeTemplates,2,1
2023-11-15,IndianMeyMeys,1,0
2023-11-15,atheismindia,1,1
2023-11-15,indiadiscussion,1,0
2023-11-15,indianews,1,0
2023-11-15,indianmemer,0,1
2023-11-15,unitedstatesofindia,2,0
2023-11-16,IndiaSpeaks,2,0
2023-11-16,IndianMemeTemplates,2,0
2023-11-16,IndianMeyMeys,1,0
2023-11-16,atheismindia,3,0
2023-11-16,india,1,0
2023-11-16,indiadiscussion,0,2
2023-11-16,indianmemer,1,1
2023-11-17,IndianMemeTemplates,0,3
2023-11-17,IndianMeyMeys,1,0
2023-11-17,atheismindia,1,0
2023-11-17,india,1,0
2023-11-17,indiadiscussion,1,0
2023-11-17,indianmemer,1,0
2023-11-17,unitedstatesofindia,1,0
2023-11-18,IndiaSpeaks,1,0
2023-11-18,IndianMemeTemplates,0,1
2023-11-18,indiadiscussion,0,2
2023-11-18,indianews,1,0
2023-11-18,indianmemer,1,0
2023-11-19,IndiaSpeaks,1,0
2023-11-19,IndianMemeTemplates,2,0
2023-11-19,IndianMeyMeys,2,0
2023-11-19,atheismindia,0,1
2023-11-19,indianmemer,1,0
2023-11-19,unitedstatesofindia,1,0
2023-11-20,IndiaSpeaks,1,0
2023-11-20,IndianMemeTemplates,3,0
2023-11-20,IndianMeyMeys,1,0
2023-11-20,atheismindia,4,1
2023-11-20,india,4,0
2023-11-20,indiadiscussion,1,2
2023-11-20,indianews,1,0
2023-11-20,indianmemer,1,0
2023-11-20,unitedstatesofindia,1,0
2023-11-21,IndiaSpeaks,1,0
2023-11-21,IndianMemeTemplates,1,0
2023-11-21,IndianMeyMeys,2,0
2023-11-21,atheismindia,1,0
2023-11-22,IndiaSpeaks,1,1
2023-11-22,IndianMemeTemplates,4,0
2023-11-22,IndianMeyMeys,3,0
2023-11-22,atheismindia,0,1
2023-11-22,india,1,1
2023-11-22,indiadiscussion,1,0
2023-11-22,indianews,0,2
2023-11-23,IndiaSpeaks,3,0
2023-11-23,IndianMemeTemplates,1,0
2023-11-23,IndianMeyMeys,1,0
2023-11-23,atheismindia,1,1
2023-11-23,india,1,0
2023-11-23,indiadiscussion,1,0
2023-11-23,indianmemer,1,0
2023-11-23,unitedstatesofindia,1,0
2023-11-24,IndiaSpeaks,3,1
2023-11-24,atheismindia,1,0
2023-11-24,india,1,0
2023-11-24,indiadiscussion,1,0
2023-11-24,indianmemer,1,1
2023-11-24,unitedstatesofindia,1,1
2023-11-25,IndiaSpeaks,1,0
2023-11-25,IndianMemeTemplates,3,0
2023-11-25,IndianMeyMeys,2,1
2023-11-25,india,2,0
2023-11-25,indiadiscussion,1,0
2023-11-26,IndiaSpeaks,3,0
2023-11-26,IndianMemeTemplates,0,2
2023-11-26,IndianMeyMeys,2,1
2023-11-26,atheismindia,1,1
2023-11-26,india,2,0
2023-11-26,indiadiscussion,0,2
2023-11-26,indianmemer,1,0
2023-11-26,unitedstatesofindia,2,0
2023-11-27,IndiaSpeaks,1,2
2023-11-27,IndianMemeTemplates,1,0
2023-11-27,IndianMeyMeys,1,0
2023-11-27,atheismindia,1,0
2023-11-27,indiadiscussion,1,0
2023-11-27,indianews,1,0
2023-11-27,indianmemer,0,1
2023-11-28,IndiaSpeaks,2,1
2023-11-28,IndianMeyMeys,0,1
2023-11-28,atheismindia,1,1
2023-11-28,india,1,0
2023-11-28,indiadiscussion,1,0
2023-11-28,indianews,1,0
2023-11-28,indianmemer,3,1
2023-11-28,unitedstatesofindia,1,0
2023-11-29,IndiaSpeaks,0,1
2023-11-29,IndianMemeTemplates,3,2
2023-11-29,IndianMeyMeys,2,0
2023-11-29,atheismindia,2,1
2023-11-29,india,2,0
2023-11-29,indianews,1,0
2023-11-29,indianmemer,1,1
2023-11-29,unitedstatesofindia,0,1
2023-11-30,IndiaSpeaks,2,0
2023-11-30,IndianMeyMeys,2,0
2023-11-30,atheismindia,2,0
2023-11-30,india,2,0
2023-11-30,indiadiscussion,0,1
2023-11-30,indianmemer,1,0
2023-11-30,unitedstatesofindia,1,0
2023-12-01,IndiaSpeaks,1,0
2023-12-01,IndianMemeTemplates,3,0
2023-12-01,IndianMeyMeys,0,1
2023-12-01,atheismindia,2,1
2023-12-01,india,4,0
2023-12-01,indiadiscussion,1,0
2023-12-01,indianmemer,1,1
2023-12-02,IndiaSpeaks,2,0
2023-12-02,IndianMemeTemplates,1,1
2023-12-02,IndianMeyMeys,2,1
2023-12-02,atheismindia,1,0
2023-12-02,india,1,0
2023-12-02,indiadiscussion,1,0
2023-12-02,indianews,0,1
2023-12-02,indianmemer,4,5
2023-12-02,unitedstatesofindia,2,0
2023-12-03,IndiaSpeaks,1,1
2023-12-03,IndianMeyMeys,3,1
2023-12-03,atheismindia,1,0
2023-12-03,india,1,0
2023-12-03,indiadiscussion,1,3
2023-12-03,indianmemer,1,0
2023-12-03,unitedstatesofindia,1,0
2023-12-04,IndianMemeTemplates,3,0
2023-12-04,IndianMeyMeys,1,0
2023-12-04,india,1,0
2023-12-04,indiadiscussion,1,0
2023-12-04,indianews,1,0
2023-12-04,indianmemer,0,1
2023-12-05,IndiaSpeaks,1,1
2023-12-05,IndianMemeTemplates,1,0
2023-12-05,IndianMeyMeys,2,0
2023-12-05,india,2,1
2023-12-05,indianmemer,1,0
2023-12-05,unitedstatesofindia,1,0
2023-12-06,IndiaSpeaks,2,1
2023-12-06,IndianMemeTemplates,1,0
2023-12-06,IndianMeyMeys,2,0
2023-12-06,atheismindia,1,1
2023-12-06,india,1,0
2023-12-06,indiadiscussion,1,0
2023-12-06,indianmemer,1,0
2023-12-07,IndiaSpeaks,1,0
2023-12-07,IndianMemeTemplates,1,1
2023-12-07,IndianMeyMeys,2,0
2023-12-07,atheismindia,2,1
2023-12-07,india,2,1
2023-12-07,indiadiscussion,1,2
2023-12-07,indianews,1,0
2023-12-07,unitedstatesofindia,2,0
2023-12-08,IndianMemeTemplates,2,0
2023-12-08,IndianMeyMeys,3,1
2023-12-08,atheismindia,1,1
2023-12-08,india,1,0
2023-12-08,indiadiscussion,1,0
2023-12-08,indianmemer,2,0
2023-12-08,unitedstatesofindia,0,1
2023-12-09,IndianMemeTemplates,2,1
2023-12-09,IndianMeyMeys,0,1
2023-12-09,atheismindia,2,0
2023-12-09,india,2,0
2023-12-09,indiadiscussion,1,0
2023-12-09,indianmemer,1,2
2023-12-09,unitedstatesofindia,1,1
2023-12-10,IndiaSpeaks,0,1
2023-12-10,IndianMemeTemplates,2,0
2023-12-10,IndianMeyMeys,1,1
2023-12-10,atheismindia,1,0
2023-12-10,indiadiscussion,0,1
2023-12-10,unitedstatesofindia,0,1
2023-12-11,IndiaSpeaks,0,2
2023-12-11,IndianMemeTemplates,1,0
2023-12-11,IndianMeyMeys,1,0
2023-12-11,atheismindia,1,1
2023-12-11,indianmemer,1,1
2023-12-11,unitedstatesofindia,0,2
2023-12-12,IndiaSpeaks,1,1
2023-12-12,IndianMemeTemplates,3,3
2023-12-12,IndianMeyMeys,0,1
2023-12-12,atheismindia,1,1
2023-12-12,indiadiscussion,1,1
2023-12-12,indianmemer,1,0
2023-12-12,unitedstatesofindia,1,2
2023-12-13,IndiaSpeaks,0,3
2023-12-13,IndianMeyMeys,2,0
2023-12-13,atheismindia,1,0
2023-12-13,indiadiscussion,2,1
2023-12-13,indianews,1,0
2023-12-13,indianmemer,2,0
2023-12-13,unitedstatesofindia,0,2
2023-12-14,IndiaSpeaks,3,0
2023-12-14,IndianMemeTemplates,2,1
2023-12-14,IndianMeyMeys,1,1
2023-12-14,atheismindia,1,0
2023-12-14,india,1,0
2023-12-14,indiadiscussion,0,2
2023-12-15,IndiaSpeaks,1,0
2023-12-15,IndianMemeTemplates,1,1
2023-12-15,IndianMeyMeys,0,1
2023-12-15,atheismindia,1,0
2023-12-15,indiadiscussion,0,2
2023-12-15,unitedstatesofindia,2,1
2023-12-16,IndiaSpeaks,3,1
2023-12-16,IndianMemeTemplates,1,0
2023-12-16,IndianMeyMeys,1,0
2023-12-16,india,2,0
2023-12-16,indianmemer,1,1
2023-12-16,unitedstatesofindia,0,1
2023-12-17,IndiaSpeaks,3,1
2023-12-17,IndianMemeTemplates,2,0
2023-12-17,india,1,0
2023-12-17,indiadiscussion,2,0
2023-12-17,indianews,1,0
2023-12-17,indianmemer,0,1
2023-12-17,unitedstatesofindia,2,0
2023-12-18,IndiaSpeaks,1,0
2023-12-18,IndianMemeTemplates,2,0
2023-12-18,IndianMeyMeys,1,0
2023-12-18,atheismindia,1,1
2023-12-18,india,1,0
2023-12-18,indiadiscussion,0,1
2023-12-18,indianews,1,0
2023-12-18,indianmemer,0,1
2023-12-18,unitedstatesofindia,1,0
2023-12-19,IndiaSpeaks,1,1
2023-12-19,IndianMemeTemplates,2,1
2023-12-19,IndianMeyMeys,1,0
2023-12-19,atheismindia,2,1
2023-12-19,india,2,0
2023-12-19,indianews,1,0
2023-12-19,unitedstatesofindia,4,0
2023-12-20,IndiaSpeaks,1,0
2023-12-20,atheismindia,2,0
2023-12-20,india,2,0
2023-12-20,indianews,1,0
2023-12-20,indianmemer,1,0
2023-12-20,unitedstatesofindia,2,1
2023-12-21,IndiaSpeaks,0,3
2023-12-21,india,2,0
2023-12-21,indiadiscussion,2,1
2023-12-21,indianews,0,1
2023-12-21,indianmemer,2,1
2023-12-21,unitedstatesofindia,1,2
2023-12-22,IndiaSpeaks,0,2
2023-12-22,IndianMemeTemplates,1,0
2023-12-22,IndianMeyMeys,2,0
2023-12-22,atheismindia,2,0
2023-12-22,indiadiscussion,0,1
2023-12-22,indianews,1,0
2023-12-22,indianmemer,1,1
2023-12-22,unitedstatesofindia,0,1
2023-12-23,IndiaSpeaks,1,0
2023-12-23,IndianMemeTemplates,1,1
2023-12-23,IndianMeyMeys,1,0
2023-12-23,atheismindia,1,0
2023-12-23,india,1,0
2023-12-23,indiadiscussion,0,3
2023-12-23,indianmemer,1,1
2023-12-23,unitedstatesofindia,2,1
2023-12-24,IndiaSpeaks,3,0
2023-12-24,IndianMeyMeys,1,0
2023-12-24,atheismindia,2,0
2023-12-24,india,0,2
2023-12-24,indiadiscussion,1,0
2023-12-24,indianmemer,1,0
2023-12-25,IndiaSpeaks,3,0
2023-12-25,IndianMemeTemplates,2,1
2023-12-25,atheismindia,2,1
2023-12-25,india,1,0
2023-12-25,indiadiscussion,0,1
2023-12-25,indianmemer,0,1
2023-12-25,unitedstatesofindia,1,0
2023-12-26,IndiaSpeaks,1,1
2023-12-26,IndianMemeTemplates,1,0
2023-12-26,IndianMeyMeys,0,1
2023-12-26,atheismindia,2,1
2023-12-26,indianews,2,1
2023-12-26,unitedstatesofindia,1,1
2023-12-27,IndianMemeTemplates,2,0
2023-12-27,IndianMeyMeys,1,0
2023-12-27,atheismindia,2,1
2023-12-27,india,0,1
2023-12-27,indiadiscussion,1,2
2023-12-27,indianews,1,0
2023-12-27,indianmemer,1,1
2023-12-27,unitedstatesofindia,2,0
2023-12-28,IndiaSpeaks,0,1
2023-12-28,IndianMemeTemplates,1,0
2023-12-28,IndianMeyMeys,3,0
2023-12-28,atheismindia,2,1
2023-12-28,indiadiscussion,1,2
2023-12-28,indianmemer,2,0
2023-12-28,unitedstatesofindia,2,1
2023-12-29,IndiaSpeaks,2,0
2023-12-29,IndianMemeTemplates,2,0
2023-12-29,IndianMeyMeys,2,1
2023-12-29,atheismindia,1,0
2023-12-29,indianews,1,0
2023-12-29,indianmemer,1,0
2023-12-29,unitedstatesofindia,1,0
2023-12-30,IndiaSpeaks,1,0
2023-12-30,IndianMeyMeys,0,1
2023-12-30,atheismindia,1,1
2023-12-30,india,1,0
2023-12-30,indiadiscussion,1,2
2023-12-30,indianmemer,2,1
2023-12-30,unitedstatesofindia,0,1
2023-12-31,IndiaSpeaks,4,0
2023-12-31,IndianMemeTemplates,4,0
2023-12-31,IndianMeyMeys,1,1
2023-12-31,india,2,0
2023-12-31,indiadiscussion,0,4
2023-12-31,indianews,1,1
2023-12-31,indianmemer,1,0
2023-12-31,unitedstatesofindia,2,0
2024-01-01,IndiaSpeaks,2,1
2024-01-01,IndianMemeTemplates,3,0
2024-01-01,IndianMeyMeys,1,0
2024-01-01,atheismindia,2,1
2024-01-01,india,1,0
2024-01-01,indiadiscussion,2,1
2024-01-01,indianews,3,1
2024-01-01,unitedstatesofindia,1,0
2024-01-02,IndiaSpeaks,2,1
2024-01-02,IndianMemeTemplates,1,0
2024-01-02,IndianMeyMeys,0,1
2024-01-02,atheismindia,1,2
2024-01-02,india,1,0
2024-01-02,indiadiscussion,2,2
2024-01-02,indianmemer,2,0
2024-01-02,unitedstatesofindia,1,0
2024-01-03,IndiaSpeaks,1,1
2024-01-03,IndianMemeTemplates,1,0
2024-01-03,IndianMeyMeys,2,0
2024-01-03,atheismindia,0,1
2024-01-03,india,1,0
2024-01-03,indiadiscussion,2,2
2024-01-03,indianmemer,1,0
2024-01-03,unitedstatesofindia,2,0
2024-01-04,IndiaSpeaks,2,2
2024-01-04,IndianMeyMeys,0,1
2024-01-04,atheismindia,1,1
2024-01-04,indiadiscussion,1,1
2024-01-04,indianmemer,2,0
2024-01-05,IndiaSpeaks,2,1
2024-01-05,IndianMemeTemplates,3,0
2024-01-05,IndianMeyMeys,1,0
2024-01-05,atheismindia,1,1
2024-01-05,indiadiscussion,0,2
2024-01-05,indianews,1,0
2024-01-05,indianmemer,1,0
2024-01-05,unitedstatesofindia,2,1
2024-01-06,IndiaSpeaks,1,0
2024-01-06,IndianMemeTemplates,2,1
2024-01-06,IndianMeyMeys,1,0
2024-01-06,atheismindia,1,0
2024-01-06,indiadiscussion,3,0
2024-01-06,indianews,1,1
2024-01-07,IndiaSpeaks,0,1
2024-01-07,IndianMemeTemplates,2,0
2024-01-07,atheismindia,1,1
2024-01-07,india,0,1
2024-01-07,indiadiscussion,4,3
2024-01-07,indianews,0,3
2024-01-07,indianmemer,1,0
2024-01-07,unitedstatesofindia,2,0
2024-01-08,IndiaSpeaks,3,1
2024-01-08,IndianMemeTemplates,4,0
2024-01-08,atheismindia,2,0
2024-01-08,india,2,0
2024-01-08,indiadiscussion,1,3
2024-01-08,indianmemer,1,0
2024-01-08,unitedstatesofindia,2,0
2024-01-09,IndiaSpeaks,2,1
2024-01-09,IndianMemeTemplates,3,1
2024-01-09,IndianMeyMeys,1,0
2024-01-09,india,3,0
2024-01-09,indiadiscussion,1,0
2024-01-09,indianews,0,1
2024-01-09,indianmemer,2,0
2024-01-09,unitedstatesofindia,2,0
2024-01-10,IndiaSpeaks,1,0
2024-01-10,IndianMemeTemplates,2,0
2024-01-10,atheismindia,0,4
2024-01-10,india,2,0
2024-01-10,indiadiscussion,0,2
2024-01-10,indianews,1,0
2024-01-10,unitedstatesofindia,1,1
2024-01-11,IndiaSpeaks,2,0
2024-01-11,IndianMemeTemplates,3,0
2024-01-11,atheismindia,2,2
2024-01-11,indiadiscussion,3,0
2024-01-11,indianews,1,0
2024-01-11,indianmemer,2,0
2024-01-11,unitedstatesofindia,2,1
2024-01-12,IndiaSpeaks,3,1
2024-01-12,IndianMemeTemplates,3,1
2024-01-12,IndianMeyMeys,0,1
2024-01-12,atheismindia,0,1
2024-01-12,india,1,0
2024-01-12,indiadiscussion,1,4
2024-01-12,indianews,2,0
2024-01-12,indianmemer,3,0
2024-01-12,unitedstatesofindia,2,0
2024-01-13,IndianMemeTemplates,2,1
2024-01-13,atheismindia,1,0
2024-01-13,india,1,1
2024-01-13,indiadiscussion,1,3
2024-01-13,indianews,3,0
2024-01-13,unitedstatesofindia,1,0
2024-01-14,IndiaSpeaks,2,0
2024-01-14,IndianMemeTemplates,1,1
2024-01-14,atheismindia,1,1
2024-01-14,indiadiscussion,1,1
2024-01-14,indianews,0,1
2024-01-14,unitedstatesofindia,3,0
2024-01-15,IndiaSpeaks,1,0
2024-01-15,IndianMemeTemplates,3,0
2024-01-15,atheismindia,0,2
2024-01-15,india,1,0
2024-01-15,indiadiscussion,0,2
2024-01-15,indianmemer,1,1
2024-01-15,unitedstatesofindia,0,1
2024-01-16,IndiaSpeaks,3,2
2024-01-16,IndianMemeTemplates,2,0
2024-01-16,atheismindia,1,0
2024-01-16,india,1,0
2024-01-16,indiadiscussion,2,2
2024-01-16,indianmemer,1,1
2024-01-16,unitedstatesofindia,1,2
2024-01-17,IndiaSpeaks,1,1
2024-01-17,IndianMemeTemplates,2,0
2024-01-17,atheismindia,1,0
2024-01-17,india,2,0
2024-01-17,indiadiscussion,2,3
2024-01-17,indianews,2,1
2024-01-17,indianmemer,0,1
2024-01-18,IndiaSpeaks,1,2
2024-01-18,IndianMemeTemplates,4,0
2024-01-18,IndianMeyMeys,0,1
2024-01-18,atheismindia,1,0
2024-01-18,india,2,0
2024-01-18,indiadiscussion,2,2
2024-01-18,indianews,0,1
2024-01-18,indianmemer,2,1
2024-01-18,unitedstatesofindia,1,0
2024-01-19,IndiaSpeaks,1,0
2024-01-19,IndianMemeTemplates,3,0
2024-01-19,IndianMeyMeys,1,0
2024-01-19,atheismindia,1,1
2024-01-19,india,2,0
2024-01-19,indiadiscussion,2,2
2024-01-19,indianews,2,0
2024-01-19,unitedstatesofindia,1,0
2024-01-20,IndiaSpeaks,2,0
2024-01-20,IndianMemeTemplates,1,0
2024-01-20,IndianMeyMeys,2,0
2024-01-20,atheismindia,1,1
2024-01-20,india,2,1
2024-01-20,indiadiscussion,1,2
2024-01-20,indianews,0,1
2024-01-20,indianmemer,3,0
2024-01-20,unitedstatesofindia,0,1
2024-01-21,IndiaSpeaks,2,1
2024-01-21,IndianMemeTemplates,2,0
2024-01-21,atheismindia,3,0
2024-01-21,india,1,0
2024-01-21,indiadiscussion,1,1
2024-01-21,indianews,1,0
2024-01-21,indianmemer,0,1
2024-01-21,unitedstatesofindia,3,1
2024-01-22,IndiaSpeaks,8,0
2024-01-22,IndianMemeTemplates,1,1
2024-01-22,IndianMeyMeys,1,0
2024-01-22,atheismindia,7,4
2024-01-22,india,3,1
2024-01-22,indiadiscussion,6,2
2024-01-22,indianews,5,1
2024-01-22,indianmemer,1,1
2024-01-22,unitedstatesofindia,0,3
2024-01-23,IndiaSpeaks,2,0
2024-01-23,IndianMeyMeys,1,1
2024-01-23,atheismindia,3,1
2024-01-23,india,1,0
2024-01-23,indiadiscussion,2,4
2024-01-23,indianews,3,1
2024-01-23,indianmemer,3,0
2024-01-23,unitedstatesofindia,1,1
2024-01-24,IndiaSpeaks,4,1
2024-01-24,IndianMemeTemplates,1,1
2024-01-24,atheismindia,2,0
2024-01-24,india,2,0
2024-01-24,indiadiscussion,1,0
2024-01-24,indianews,2,0
2024-01-24,indianmemer,2,0
2024-01-24,unitedstatesofindia,3,1
2024-01-25,IndianMemeTemplates,1,2
2024-01-25,IndianMeyMeys,2,0
2024-01-25,atheismindia,3,2
2024-01-25,india,2,0
2024-01-25,indiadiscussion,1,1
2024-01-25,indianews,1,2
2024-01-25,indianmemer,0,2
2024-01-25,unitedstatesofindia,1,2
2024-01-26,IndiaSpeaks,1,1
2024-01-26,IndianMemeTemplates,2,1
2024-01-26,IndianMeyMeys,2,0
2024-01-26,atheismindia,2,2
2024-01-26,india,2,0
2024-01-26,indiadiscussion,1,1
2024-01-26,indianews,2,0
2024-01-26,indianmemer,0,2
2024-01-27,IndiaSpeaks,0,1
2024-01-27,IndianMemeTemplates,2,1
2024-01-27,atheismindia,4,3
2024-01-27,india,1,0
2024-01-27,indiadiscussion,0,2
2024-01-27,indianews,0,1
2024-01-27,indianmemer,1,0
2024-01-27,unitedstatesofindia,2,1
2024-01-28,IndiaSpeaks,2,0
2024-01-28,IndianMemeTemplates,2,0
2024-01-28,atheismindia,2,0
2024-01-28,indiadiscussion,0,2
2024-01-28,indianews,1,0
2024-01-28,indianmemer,1,0
2024-01-29,IndiaSpeaks,2,0
2024-01-29,IndianMemeTemplates,2,0
2024-01-29,IndianMeyMeys,1,0
2024-01-29,atheismindia,5,0
2024-01-29,india,3,0
2024-01-29,indiadiscussion,2,2
2024-01-29,indianews,1,0
2024-01-29,indianmemer,2,0
2024-01-29,unitedstatesofindia,1,0
2024-01-30,IndiaSpeaks,1,0
2024-01-30,IndianMemeTemplates,2,2
2024-01-30,IndianMeyMeys,1,0
2024-01-30,atheismindia,4,0
2024-01-30,india,1,0
2024-01-30,indiadiscussion,0,3
2024-01-30,indianews,1,0
2024-01-30,unitedstatesofindia,1,1
2024-01-31,IndiaSpeaks,5,0
2024-01-31,IndianMemeTemplates,0,1
2024-01-31,atheismindia,1,0
2024-01-31,india,1,0
2024-01-31,indiadiscussion,1,0
2024-01-31,indianews,2,1
2024-01-31,indianmemer,0,2
2024-01-31,unitedstatesofindia,2,1
2024-02-01,IndiaSpeaks,1,0
2024-02-01,IndianMemeTemplates,1,0
2024-02-01,atheismindia,1,0
2024-02-01,india,3,0
2024-02-01,indiadiscussion,0,1
2024-02-01,indianews,2,0
2024-02-01,indianmemer,2,0
2024-02-02,IndiaSpeaks,1,0
2024-02-02,IndianMemeTemplates,1,0
2024-02-02,atheismindia,3,0
2024-02-02,india,2,0
2024-02-02,indiadiscussion,3,1
2024-02-02,indianews,1,0
2024-02-02,unitedstatesofindia,4,1
2024-02-03,IndianMemeTemplates,2,0
2024-02-03,IndianMeyMeys,2,0
2024-02-03,atheismindia,4,0
2024-02-03,india,2,0
2024-02-03,indiadiscussion,2,1
2024-02-03,indianews,0,1
2024-02-03,indianmemer,3,1
2024-02-03,unitedstatesofindia,0,1
2024-02-04,IndiaSpeaks,2,1
2024-02-04,IndianMemeTemplates,2,0
2024-02-04,atheismindia,2,0
2024-02-04,india,2,0
2024-02-04,indiadiscussion,2,1
2024-02-04,indianews,1,0
2024-02-04,indianmemer,5,0
2024-02-04,unitedstatesofindia,0,1
2024-02-05,IndiaSpeaks,4,0
2024-02-05,IndianMemeTemplates,0,3
2024-02-05,IndianMeyMeys,2,0
2024-02-05,atheismindia,1,0
2024-02-05,india,1,1
2024-02-05,indiadiscussion,5,1
2024-02-05,indianews,3,1
2024-02-05,indianmemer,3,0
2024-02-05,unitedstatesofindia,2,0
2024-02-06,IndiaSpeaks,2,0
2024-02-06,IndianMemeTemplates,1,1
2024-02-06,IndianMeyMeys,0,1
2024-02-06,atheismindia,2,5
2024-02-06,india,2,0
2024-02-06,indiadiscussion,4,0
2024-02-06,indianmemer,1,2
2024-02-06,unitedstatesofindia,3,2
2024-02-07,IndiaSpeaks,1,0
2024-02-07,IndianMemeTemplates,3,1
2024-02-07,IndianMeyMeys,1,1
2024-02-07,atheismindia,1,0
2024-02-07,indiadiscussion,1,1
2024-02-07,indianmemer,1,2
2024-02-07,unitedstatesofindia,3,0
2024-02-08,IndiaSpeaks,0,1
2024-02-08,IndianMeyMeys,1,0
2024-02-08,atheismindia,1,0
2024-02-08,indiadiscussion,1,1
2024-02-08,indianews,1,0
2024-02-08,indianmemer,2,0
2024-02-08,unitedstatesofindia,2,1
2024-02-09,IndiaSpeaks,1,0
2024-02-09,IndianMemeTemplates,4,1
2024-02-09,IndianMeyMeys,1,0
2024-02-09,atheismindia,0,1
2024-02-09,india,1,0
2024-02-09,indiadiscussion,1,1
2024-02-09,indianews,1,1
2024-02-09,indianmemer,2,0
2024-02-09,unitedstatesofindia,1,1
2024-02-10,IndiaSpeaks,1,1
2024-02-10,IndianMemeTemplates,1,1
2024-02-10,IndianMeyMeys,2,0
2024-02-10,atheismindia,5,1
2024-02-10,indiadiscussion,0,2
2024-02-10,indianews,1,1
2024-02-10,indianmemer,2,1
2024-02-10,unitedstatesofindia,3,0
2024-02-11,IndiaSpeaks,1,0
2024-02-11,IndianMemeTemplates,2,1
2024-02-11,IndianMeyMeys,1,0
2024-02-11,indiadiscussion,1,1
2024-02-11,indianews,2,0
2024-02-11,indianmemer,1,0
2024-02-11,unitedstatesofindia,2,2
2024-02-12,IndiaSpeaks,2,0
2024-02-12,IndianMemeTemplates,3,0
2024-02-12,IndianMeyMeys,1,0
2024-02-12,atheismindia,2,1
2024-02-12,indiadiscussion,1,4
2024-02-12,indianews,3,2
2024-02-12,indianmemer,1,0
2024-02-12,unitedstatesofindia,2,0
2024-02-13,IndiaSpeaks,2,1
2024-02-13,IndianMemeTemplates,2,0
2024-02-13,atheismindia,2,2
2024-02-13,india,1,0
2024-02-13,indiadiscussion,4,2
2024-02-13,indianews,4,1
2024-02-13,indianmemer,3,1
2024-02-13,unitedstatesofindia,3,0
2024-02-14,IndiaSpeaks,2,0
2024-02-14,IndianMemeTemplates,1,0
2024-02-14,IndianMeyMeys,1,0
2024-02-14,atheismindia,1,1
2024-02-14,india,3,0
2024-02-14,indiadiscussion,1,2
2024-02-14,indianews,1,1
2024-02-14,indianmemer,3,0
2024-02-14,unitedstatesofindia,1,1
2024-02-15,IndiaSpeaks,2,0
2024-02-15,IndianMemeTemplates,3,0
2024-02-15,IndianMeyMeys,0,1
2024-02-15,atheismindia,1,2
2024-02-15,indiadiscussion,1,1
2024-02-15,indianews,2,3
2024-02-15,indianmemer,2,0
2024-02-15,unitedstatesofindia,2,0
2024-02-16,IndiaSpeaks,1,0
2024-02-16,IndianMemeTemplates,2,0
2024-02-16,atheismindia,2,0
2024-02-16,india,1,0
2024-02-16,indiadiscussion,2,0
2024-02-16,indianews,1,0
2024-02-16,indianmemer,3,0
2024-02-16,unitedstatesofindia,3,1
2024-02-17,IndiaSpeaks,1,0
2024-02-17,IndianMemeTemplates,0,2
2024-02-17,IndianMeyMeys,1,0
2024-02-17,atheismindia,3,1
2024-02-17,india,3,0
2024-02-17,indiadiscussion,3,3
2024-02-17,indianews,2,1
2024-02-17,indianmemer,2,1
2024-02-17,unitedstatesofindia,1,1
2024-02-18,IndiaSpeaks,2,0
2024-02-18,IndianMemeTemplates,1,0
2024-02-18,IndianMeyMeys,0,1
2024-02-18,india,2,0
2024-02-18,indiadiscussion,3,0
2024-02-18,indianews,1,2
2024-02-18,indianmemer,0,2
2024-02-18,unitedstatesofindia,4,0
2024-02-19,IndiaSpeaks,1,2
2024-02-19,IndianMemeTemplates,1,0
2024-02-19,atheismindia,0,2
2024-02-19,india,1,0
2024-02-19,indiadiscussion,3,1
2024-02-19,indianews,2,2
2024-02-19,indianmemer,2,1
2024-02-19,unitedstatesofindia,1,0
2024-02-20,IndiaSpeaks,1,0
2024-02-20,IndianMemeTemplates,2,1
2024-02-20,atheismindia,4,1
2024-02-20,india,2,0
2024-02-20,indiadiscussion,0,1
2024-02-20,indianews,4,1
2024-02-20,indianmemer,0,1
2024-02-20,unitedstatesofindia,2,1
2024-02-21,IndiaSpeaks,2,0
2024-02-21,IndianMemeTemplates,2,0
2024-02-21,IndianMeyMeys,0,1
2024-02-21,atheismindia,0,2
2024-02-21,india,2,0
2024-02-21,indiadiscussion,1,2
2024-02-21,indianews,2,0
2024-02-21,indianmemer,2,2
2024-02-21,unitedstatesofindia,3,0
2024-02-22,IndiaSpeaks,1,0
2024-02-22,IndianMemeTemplates,2,0
2024-02-22,atheismindia,3,0
2024-02-22,india,2,0
2024-02-22,indiadiscussion,2,2
2024-02-22,indianews,6,0
2024-02-22,indianmemer,4,1
2024-02-22,unitedstatesofindia,1,2
2024-02-23,IndiaSpeaks,0,1
2024-02-23,IndianMemeTemplates,1,0
2024-02-23,atheismindia,2,1
2024-02-23,india,2,0
2024-02-23,indiadiscussion,0,3
2024-02-23,indianews,2,1
2024-02-23,indianmemer,2,1
2024-02-23,unitedstatesofindia,1,2
2024-02-24,IndiaSpeaks,2,0
2024-02-24,atheismindia,0,4
2024-02-24,india,1,0
2024-02-24,indiadiscussion,2,3
2024-02-24,indianews,0,1
2024-02-24,indianmemer,1,4
2024-02-24,unitedstatesofindia,0,1
2024-02-25,IndiaSpeaks,2,0
2024-02-25,IndianMemeTemplates,0,1
2024-02-25,atheismindia,4,0
2024-02-25,india,1,0
2024-02-25,indiadiscussion,1,0
2024-02-25,indianews,2,4
2024-02-25,indianmemer,2,1
2024-02-25,unitedstatesofindia,1,1
2024-02-26,IndiaSpeaks,1,1
2024-02-26,IndianMeyMeys,0,1
2024-02-26,atheismindia,1,3
2024-02-26,india,1,0
2024-02-26,indiadiscussion,0,1
2024-02-26,indianews,7,3
2024-02-26,indianmemer,2,0
2024-02-26,unitedstatesofindia,2,0
2024-02-27,IndiaSpeaks,4,0
2024-02-27,IndianMemeTemplates,1,0
2024-02-27,atheismindia,3,1
2024-02-27,india,5,0
2024-02-27,indiadiscussion,2,3
2024-02-27,indianews,2,3
2024-02-27,indianmemer,1,3
2024-02-27,unitedstatesofindia,3,1
2024-02-28,IndiaSpeaks,3,0
2024-02-28,atheismindia,3,1
2024-02-28,india,1,0
2024-02-28,indiadiscussion,1,0
2024-02-28,indianews,4,1
2024-02-28,indianmemer,1,0
2024-02-28,unitedstatesofindia,2,1
2024-02-29,IndianMemeTemplates,1,0
2024-02-29,atheismindia,0,2
2024-02-29,indiadiscussion,2,2
2024-02-29,indianews,3,1
2024-02-29,indianmemer,2,0
2024-02-29,unitedstatesofindia,1,1
2024-03-01,IndiaSpeaks,1,1
2024-03-01,IndianMemeTemplates,1,0
2024-03-01,atheismindia,0,2
2024-03-01,india,3,0
2024-03-01,indiadiscussion,3,2
2024-03-01,indianews,2,1
2024-03-01,indianmemer,2,1
2024-03-02,IndiaSpeaks,2,0
2024-03-02,atheismindia,1,1
2024-03-02,india,2,0
2024-03-02,indiadiscussion,1,0
2024-03-02,indianews,1,0
2024-03-02,indianmemer,3,2
2024-03-02,unitedstatesofindia,2,2
2024-03-03,IndiaSpeaks,2,0
2024-03-03,atheismindia,1,2
2024-03-03,india,1,1
2024-03-03,indiadiscussion,0,5
2024-03-03,indianews,3,1
2024-03-03,indianmemer,3,1
2024-03-03,unitedstatesofindia,1,1
2024-03-04,IndiaSpeaks,1,0
2024-03-04,IndianMeyMeys,1,0
2024-03-04,atheismindia,3,0
2024-03-04,india,4,0
2024-03-04,indianews,2,1
2024-03-04,indianmemer,1,0
2024-03-04,unitedstatesofindia,2,0
2024-03-05,IndiaSpeaks,0,2
2024-03-05,IndianMemeTemplates,2,0
2024-03-05,atheismindia,0,2
2024-03-05,india,1,1
2024-03-05,indianews,3,1
2024-03-05,indianmemer,2,1
2024-03-05,unitedstatesofindia,2,2
2024-03-06,IndiaSpeaks,4,1
2024-03-06,IndianMeyMeys,0,2
2024-03-06,atheismindia,2,0
2024-03-06,india,3,1
2024-03-06,indianews,4,2
2024-03-06,indianmemer,2,2
2024-03-06,unitedstatesofindia,2,0
2024-03-07,IndiaSpeaks,1,0
2024-03-07,IndianMemeTemplates,0,1
2024-03-07,atheismindia,1,1
2024-03-07,india,2,0
2024-03-07,indiadiscussion,0,1
2024-03-07,indianews,1,3
2024-03-07,indianmemer,4,1
2024-03-07,unitedstatesofindia,1,0
2024-03-08,IndiaSpeaks,3,1
2024-03-08,IndianMemeTemplates,0,1
2024-03-08,atheismindia,2,1
2024-03-08,indiadiscussion,1,1
2024-03-08,indianews,2,1
2024-03-08,indianmemer,1,1
2024-03-08,unitedstatesofindia,3,2
2024-03-09,atheismindia,2,4
2024-03-09,india,1,0
2024-03-09,indiadiscussion,3,2
2024-03-09,indianews,1,0
2024-03-09,indianmemer,2,0
2024-03-09,unitedstatesofindia,1,1
2024-03-10,IndiaSpeaks,1,0
2024-03-10,IndianMemeTemplates,0,1
2024-03-10,IndianMeyMeys,1,1
2024-03-10,atheismindia,1,1
2024-03-10,india,2,0
2024-03-10,indiadiscussion,1,0
2024-03-10,indianews,1,2
2024-03-10,indianmemer,3,4
2024-03-10,unitedstatesofindia,3,1
2024-03-11,IndiaSpeaks,2,0
2024-03-11,atheismindia,2,1
2024-03-11,india,2,0
2024-03-11,indiadiscussion,1,2
2024-03-11,indianews,4,1
2024-03-11,indianmemer,2,0
2024-03-11,unitedstatesofindia,2,2
2024-03-12,IndiaSpeaks,1,2
2024-03-12,IndianMemeTemplates,1,0
2024-03-12,atheismindia,1,2
2024-03-12,indiadiscussion,4,2
2024-03-12,indianews,2,1
2024-03-12,indianmemer,2,1
2024-03-12,unitedstatesofindia,5,0
2024-03-13,IndiaSpeaks,2,0
2024-03-13,IndianMemeTemplates,0,1
2024-03-13,IndianMeyMeys,1,0
2024-03-13,india,1,0
2024-03-13,indiadiscussion,1,1
2024-03-13,indianews,5,1
2024-03-13,indianmemer,3,0
2024-03-13,unitedstatesofindia,1,0
2024-03-14,IndiaSpeaks,1,0
2024-03-14,atheismindia,3,2
2024-03-14,india,2,0
2024-03-14,indiadiscussion,1,5
2024-03-14,indianews,5,0
2024-03-14,indianmemer,2,2
2024-03-14,unitedstatesofindia,3,1
2024-03-15,IndiaSpeaks,0,1
2024-03-15,IndianMemeTemplates,2,1
2024-03-15,atheismindia,3,1
2024-03-15,india,2,0
2024-03-15,indiadiscussion,1,1
2024-03-15,indianews,1,1
2024-03-15,indianmemer,1,1
2024-03-16,IndiaSpeaks,2,0
2024-03-16,IndianMemeTemplates,1,0
2024-03-16,atheismindia,1,0
2024-03-16,india,2,0
2024-03-16,indiadiscussion,1,2
2024-03-16,indianews,4,0
2024-03-16,indianmemer,1,0
2024-03-16,unitedstatesofindia,6,0
2024-03-17,IndiaSpeaks,1,2
2024-03-17,IndianMemeTemplates,1,0
2024-03-17,atheismindia,1,0
2024-03-17,india,2,2
2024-03-17,indiadiscussion,1,2
2024-03-17,indianews,5,0
2024-03-17,indianmemer,3,1
2024-03-17,unitedstatesofindia,2,2
2024-03-18,IndianMemeTemplates,1,0
2024-03-18,IndianMeyMeys,0,1
2024-03-18,atheismindia,4,0
2024-03-18,india,1,0
2024-03-18,indiadiscussion,0,6
2024-03-18,indianews,2,4
2024-03-18,indianmemer,1,1
2024-03-18,unitedstatesofindia,2,1
2024-03-19,IndiaSpeaks,1,2
2024-03-19,IndianMemeTemplates,2,0
2024-03-19,IndianMeyMeys,0,1
2024-03-19,atheismindia,2,0
2024-03-19,india,3,0
2024-03-19,indiadiscussion,1,0
2024-03-19,indianews,4,1
2024-03-19,indianmemer,2,1
2024-03-19,unitedstatesofindia,3,0
2024-03-20,IndiaSpeaks,1,1
2024-03-20,IndianMemeTemplates,1,1
2024-03-20,atheismindia,2,3
2024-03-20,india,5,0
2024-03-20,indiadiscussion,2,3
2024-03-20,indianews,1,0
2024-03-20,indianmemer,2,0
2024-03-20,unitedstatesofindia,4,0
2024-03-21,IndiaSpeaks,2,0
2024-03-21,atheismindia,2,1
2024-03-21,india,6,0
2024-03-21,indiadiscussion,2,2
2024-03-21,indianews,4,3
2024-03-21,indianmemer,3,0
2024-03-21,unitedstatesofindia,3,0
2024-03-22,IndiaSpeaks,2,0
2024-03-22,IndianMeyMeys,0,1
2024-03-22,atheismindia,1,1
2024-03-22,india,1,0
2024-03-22,indiadiscussion,1,2
2024-03-22,indianews,3,3
2024-03-22,indianmemer,2,1
2024-03-22,unitedstatesofindia,3,1
2024-03-23,IndianMemeTemplates,2,0
2024-03-23,atheismindia,0,1
2024-03-23,india,1,0
2024-03-23,indiadiscussion,2,1
2024-03-23,indianews,3,1
2024-03-23,indianmemer,2,1
2024-03-23,unitedstatesofindia,5,1
2024-03-24,IndiaSpeaks,2,1
2024-03-24,IndianMeyMeys,2,0
2024-03-24,atheismindia,3,3
2024-03-24,india,3,0
2024-03-24,indiadiscussion,1,1
2024-03-24,indianews,2,1
2024-03-24,indianmemer,4,1
2024-03-24,unitedstatesofindia,0,1
2024-03-25,IndiaSpeaks,2,1
2024-03-25,IndianMeyMeys,1,0
2024-03-25,atheismindia,2,2
2024-03-25,india,1,0
2024-03-25,indiadiscussion,3,2
2024-03-25,indianews,2,0
2024-03-25,indianmemer,1,3
2024-03-25,unitedstatesofindia,3,0
2024-03-26,IndiaSpeaks,1,1
2024-03-26,atheismindia,2,0
2024-03-26,india,2,0
2024-03-26,indiadiscussion,2,2
2024-03-26,indianews,2,0
2024-03-26,indianmemer,1,1
2024-03-26,unitedstatesofindia,1,1
2024-03-27,IndiaSpeaks,0,1
2024-03-27,IndianMeyMeys,1,0
2024-03-27,atheismindia,1,2
2024-03-27,india,2,0
2024-03-27,indiadiscussion,1,2
2024-03-27,indianews,2,1
2024-03-27,indianmemer,1,1
2024-03-27,unitedstatesofindia,2,1
2024-03-28,IndianMemeTemplates,1,1
2024-03-28,atheismindia,0,3
2024-03-28,india,0,1
2024-03-28,indiadiscussion,0,1
2024-03-28,indianews,5,3
2024-03-28,indianmemer,2,1
2024-03-28,unitedstatesofindia,5,0
2024-03-29,IndiaSpeaks,1,1
2024-03-29,IndianMemeTemplates,1,0
2024-03-29,atheismindia,2,0
2024-03-29,india,1,0
2024-03-29,indiadiscussion,2,2
2024-03-29,indianews,2,1
2024-03-29,indianmemer,1,2
2024-03-29,unitedstatesofindia,3,0
2024-03-30,IndianMemeTemplates,0,1
2024-03-30,atheismindia,1,1
2024-03-30,india,1,0
2024-03-30,indiadiscussion,1,1
2024-03-30,indianews,2,0
2024-03-30,indianmemer,1,2
2024-03-30,unitedstatesofindia,4,2
2024-03-31,IndianMemeTemplates,1,0
2024-03-31,atheismindia,0,1
2024-03-31,indiadiscussion,3,0
2024-03-31,indianews,1,0
2024-03-31,unitedstatesofindia,2,1
2024-04-01,IndiaSpeaks,1,1
2024-04-01,atheismindia,3,1
2024-04-01,india,3,0
2024-04-01,indiadiscussion,1,2
2024-04-01,indianmemer,1,3
2024-04-01,unitedstatesofindia,1,3
2024-04-02,IndiaSpeaks,1,0
2024-04-02,IndianMeyMeys,1,0
2024-04-02,atheismindia,2,1
2024-04-02,india,2,0
2024-04-02,indiadiscussion,1,2
2024-04-02,indianews,1,4
2024-04-02,indianmemer,3,1
2024-04-02,unitedstatesofindia,4,1
2024-04-03,IndiaSpeaks,1,1
2024-04-03,india,3,0
2024-04-03,indiadiscussion,0,3
2024-04-03,indianews,4,0
2024-04-03,indianmemer,3,0
2024-04-03,unitedstatesofindia,6,0
2024-04-04,indianews,1,0
