INC,BJP,AAP,AIADMK,BJD,INLD,PDP,LJP,AGP,AIUDF,BSP,CPI,DMK,NCP,RJD,SAD,Shivsena,SP,TDP,TMC,TRS,YSRCP,SwarajIndia,JKNC,CPI(M),JMM,JD(S),MDMK,MPP,MNM,JKPDP,JD(U),JVM,SKM,SDF,PPA,AINRC,DMDK,LDF,AIMIM,JJP,NDPP,NPF,UDP,MNF,GFP
INC,BJP,AAP,AIADMK,BJD,INLD,PDP,LJP,AGP,AIUDF,BSP,CPI,DMK,NCP,RJD,SAD,Shivsena,SP,TDP,TMC,TRS,YSRCP,SwarajIndia,JKNC,CPI(M),JMM,JD(S),MDMK,MPP,MNM,JKPDP,JD(U),JVM,SKM,SDF,PPA,AINRC,DMDK,LDF,AIMIM,JJP,NDPP,NPF,UDP,MNF,GFP
INC,BJP,AAP,AIADMK,BJD,RAM PAL,Aga Syed Mohsin,Veena Devi,ZABED ISLAM,RADHESHYAM BISWAS,BSP,CPI,DMK,NCP,RJD,SAD,Shivsena,SP,TDP,TMC,TRS,YSRCP,SwarajIndia,JKNC,CPI(M),Shukal Murmu,JD(S),MDMK,APPALAKONDA VANGALAPUDI,MNM,JKPDP,BAIDYANATH PRASAD MAHTO,Pradeep Yadav,INDRA HANG SUBBA,DEK BAHADUR KATWAL,SUBU KECHI,Dr. NARAYANASAMY KESAVAN,ALAGAAPURAM R. MOHANRAJ,Thomas Chazhikadan,AIMIM,JJP,Tokheho Yepthomi,Lorho S. Pfoze,JEMINO MAWTHOH,C LALROSANGA,GFP
Rahul,Modi,Kejriwal,ADMK,Naveen Patnaik,ARJUN SINGH CHAUTALA,MUJEEB RAHMAN T A,PASHU PATI KUMAR PARAS,Kumar Deepak Das,BADRUDDIN AJMAL,Mayawati,D. Raja,Stalin,Sharad Pawar,Lalu,Parkash Singh Badal,Uddhav Thackeray,Amitabh Bajpai,CBN,Mamata,K. Chandrashekar Rao,YSR Congress,,JKN,Pinarayi Vijayan,MANJU MURMU,HD Kumaraswamy,Vaiko,DATLA LURDU MARY,Kamal Haasan,Mehbooba Mufti,Sunil Kumar Pintu,BABU LAL MARANDI,TEK NATH DHAKAL,PREM DAS RAI,Mongol Yomso,R. RADHAKRISHNAN,Sudhish L K,JOSE K. MANI,Akbaruddin Owaisi,Dushyant Chautala,,SOSO LORHO,PAUL LYNGDOH,,Vijai Sardesai
Rahul Gandhi,Narendra Modi,Arvind Kejriwal,Jayalalithaa,Bijoyshree Routray,Charanjeet Singh Rori,VARKALA RAJ,Ramchandra Paswan,Moni Madhab Mahanta,Rafiqul Islam,Satish Chandra Misra,Sitaram Yechury,M. K. Stalin,Ajit Pawar,Lalu Prasad Yadav,Sukhbir Singh Badal,Aaditya Thackeray,Arun Kumar Verma,Naidu,Mamata Banerjee,KCR,Perni Venkataramaiah,,Omar Abdullah,Biman Bose,RAJKISHORE PRASAD ALIAS PAPPU YADAV,HD Deve Gowda,,CHINA NAGESWARA RAO SADHU,Makkal Needhi Maiam,Mehbooba,Ramprit Mandal,DR. ANIL MURMU,,,JALLEY SONAM,,DR.Elangovan. V,KEC(M),Asaduddin Owaisi,,,NEIPHIU RIO,,,
Sonia Gandhi,Amit Shah,Manish Sisodia,M. G. Ramachandran (MGR),Prasanna Acharya,SURESH KOTH,,Choudhary Mehboob Ali Kaiser,RABINDRA NATH CHOUDHURY,RADHESHYAM BISWAS,Naseemuddin Siddiqui,Sudhakar Reddy,M. Karunanidhi,Pawar,Tejashwi Yadav,Prakash Singh Badal,Eknath Shinde,Atul Pradhan,TDP,Abhishek Banerjee,K. T. Rama Rao,Kolusu Parthasarathy,,Farooq Abdullah,Buddhadeb Bhattacharjee,AJIT KUMAR,JDS,,PALLIPATTU. ABHINAV VISHNU,,,Dileshwar Kamait,BABU LAL MARANDI,,,WANGMAN LOWANGCHA,,"ALAGARSAMY, R.",,Majlis,,,,,,
Sonia,Rajnath Singh,Kumar Vishwas,Edappadi K. Palaniswami (EPS),Pramila Mallick,Dharmvir Padha,,Chandan Singh,BIJOY KRISHNA NATH,KUTUB AHMED MAZUMDER,Rakesh Verma,K. Narayana,Stalin,NCP,Rabri Devi,Harcharan Singh Brar,Sanjay Raut,Bhagwan Sharma,Chandrababu Naidu,Subrata Bakshi,KTR,G Srikanth Reddy,,MOHAMMAD AKBAR LONE,CPM,VIJAY KUMAR HANSDAK,Deve Gowda,,,,,Syed Mahmood Ashraf,PRADIP YADAV,,,,,YUVARAJ.V,,All India Majlis-E-Ittehadul Muslimeen,,,,,,
Manmohan Singh,Arun Jaitley,Gopal Rai,O. Panneerselvam (OPS),Arun Sahoo,SURENDER KUMAR CHHIKARA,,CHIRAG KUMAR PASWAN,ANOWAR HUSSAIN,BADRUDDIN AJMAL,Swami Prasad Maurya,Binoy Viswam,Karunanidhi,Nationalist Congress Party,Tej Pratap Yadav,Sukhdev Singh Dhindsa,Anil Desai,Bhagwati Prasad Choudhary,N. T. Rama Rao,Derek O'Brien,Kavitha Kalvakuntla,Adimulapu Suresh,,Farooq Abdullah,,SHIBU SOREN,Kumaraswamy,,,,,DULAL CHANDRA GOSWAMI,NILAM DEVI,,,,,SOUNDARAPANDIAN .M,,Owaisi,,,,,,
Cong,Atal Bihari Vajpayee,Sanjay Singh,V. K. Sasikala,Naba Kishore Das,DHARAMVIR,,Prince Raj,PHANI BHUSAN CHOUDHURY,SIRAJ UDDIN AJMAL,Akhilesh Das Gupta,T.J. Chandrachoodan,Kanimozhi Karunanidhi,Supriya Sule,Misa Bharti,Balwinder Singh Bhunder,Arvind Sawant,Bhagwati Singh,NTR,Firhad Hakim,Harish Rao,Pushpa Srivani,,HASNAIN MASOODI,,Jagarnath Mahto,,,,,,SANTOSH KUMAR,PRANAV KUMAR VERMA,,,,,CONSTANDINE RAVINDRAN,,,,,,,,
Manmohan,L.K. Advani,Satyendar Jain,D. Jayakumar,Sanjay Das Burma,Balwan Singh,,RAMA KISHORE SINGH,BIRENDRA PRASAD BAISHYA,GOPI NATH DAS,Munquad Ali,Annie Raja,Dayanidhi Maran,NCP chief,Jagadanand Singh,Ranjit Singh Brahmpura,Subhash Desai,Bhagwat Sharan Gangwar,N. Chandrababu Naidu,Partha Chatterjee,Etela Rajender,Anil Kumar Yadav,,SHARIEF UD-DIN SHARIQ,,Champai Soren,,,,,,Dinesh Chandra Yadav,SABA AHMAD,,,,,UMASANKAR K,,,,,,,,
Priyanka Gandhi,Sushma Swaraj,Atishi Marlena,K. P. Munusamy,Pradeep Maharathy,VIRENDAR RANA,,RAMVILAS PASWAN,MADHAB RAJBANGSHI,PARESH BAISHYA,Ram Achal Rajbhar,A.B. Bardhan,T. R. Baalu,NCP leader,Abdul Bari Siddiqui,Simranjit Singh Mann,Ravindra Waikar,Chandrabhan Prasad,Nara Lokesh,Sudip Bandyopadhyay,Talasani Srinivas Yadav,Jogi Ramesh,,FAROOQ ABDULLAH,,ANJANI SOREN,,,,,,DR. ALOK KUMAR SUMAN,SAMARESH SINGH,,,,,ESWARAN. V. P,,,,,,,,
Ahmed Patel,Nitin Gadkari,Raghav Chadha,K. A. Sengottaiyan,Pinaki Mishra,MAHENDER SINGH CHAUHAN,,RAM CHANDRA PASWAN,JOSEPH TOPPO,DR. ADITYA LANGTHASA,S. C. Mishra,Brinda Karat,A. Raja,NCP leader Sharad Pawar,Raghuvansh Prasad Singh,Manjit Singh GK,Diwakar Raote,Chaudhary Munawwar Hasan,Nandamuri Balakrishna,Saugata Roy,Tummala Nageswara Rao,Kakani Govardhan Reddy,,MIRZA MEHBOOB BEG,,SANTHAPAN HASDAK,,,,,,Kavita Singh,AMITABH CHOUDHARY,,,,,SUDHISH L K,,,,,,,,
Kapil Sibal,Yogi Adityanath,Saurabh Bharadwaj,C. Ve. Shanmugam,Baijayant Panda,DR. KUSUM SHERWAL,,CHOUDHARY MAHBOOB ALI KAISER,MRIDULA BARKAKOTY,BIJOY KUMAR TIRU,Lalji Verma,D. Pandian,Duraimurugan,Praful Patel,Shivanand Tiwari,Jagdev Singh Talwandi,Ramdas Kadam,Choudhari Lekhraj Singh,Nandamuri Harikrishna,Mahua Moitra,Kadiyam Srihari,Kodali Sri Venkateswara Rao,,,,Naran Tudu,,,,,,AJAY KUMAR MANDAL,AJAY KUMAR,,,,,VEL S.K,,,,,,,,
P. Chidambaram,Yogi,Alka Lamba,R. Vaithilingam,A. U. Singh Deo,BALBIR SINGH SAINI,,VEENA DEVI,DR. ARUN KUMAR SARMA,NASIR AHMED,Jagdish Singh Rana,A. B. Bardhan,Udhayanidhi Stalin,Sharad Pawar,Manoj Jha,Prem Singh Chandumajra,Chandrakant Khaire,Deepak Singhal,Nara Bhuvaneswari,Suvendu Adhikari,P. Srinivas Reddy,A Ramakrishna Reddy,,,,JOSEPH KISKU,,,,,,GIRIDHARI YADAV,DASHRATH GAGRAI,,,,,N.DINESHKUMAR,,,,,,,,
P Chidambaram,Keshav Prasad Maurya,Somnath Bharti,R. B. Udhayakumar,Debi Prasad Mishra,CHARANJEET SINGH RORI,,SATYA NAND SHARMA,PRODIP HAZARIKA,MAMUN IMDADUL HAQUE CHAWDHURY,Mukhtar Ansari,Communist Party of India,K. Kanimozhi,Ajit Pawar,Ram Kripal Yadav,Sukhdev Singh Dhindsa,Rajendra Gavit,Farhan Azmi,Nara Brahmani,Mukul Roy,Nayani Narasimha Reddy,Chevireddy Bhaskar Reddy,,,,DIPENDU MAHATO,,,,,,RAJIV RANJAN SINGH ALIAS LALAN SINGH,BASANT KUMAR LONGA,,,,,KRISHNAMOORTHY A,,,,,,,,
Shashi Tharoor,Nirmala Sitharaman,Ashutosh,P. H. Manoj Pandian,Prafulla Samal,DUSHYANT CHAUTALA,,CHIRAG KUMAR PASWAN,ANUP PHUKON,ZAMEERUL HASAN,Danish Ali,S. Sudhakar Reddy,T. R. Balu,Supriya Sule,Jaiprakash Narayan Yadav,Naresh Gujral,Vinayak Raut,Ghanshyam Anuragi,Daggubati Purandeswari,Dinesh Trivedi,TRS,Kotamreddy Sridhar Reddy,,,,ASHWENG J. RENGMA,,,,,,Kaushlendra Kumar,BIRENDRA BHAGAT,,,,,"KRISHNAN, N.S.",,,,,,,,
Jyotiraditya Scindia,NaMo,Rakhi Birla,S. Semmalai,Surya Narayan Patro,JASWINDER SINGH SANDHU,,,HARI PRASAD DIHINGIA,ABDUS SADEK SARKAR,R.K. Chaudhary,K. Narayana,E. V. Velu,Praful Patel,Bhola Yadav,Bibi Jagir Kaur,Sunil Prabhu,Ghanshyam Yadav,Kala Venkata Rao,Kakoli Ghosh Dastidar,Jogu Ramanna,Buggana Rajendranath Reddy,,,,PROF. AMARESH PRASAD,,,,,,MAHABALI SINGH,GHURAN RAM,,,,,VIJAYKUMAR.AMG,,,,,,,,
Sachin Pilot,Smriti Irani,Dilip Pandey,P. Balaraman,Pratap Keshari Deb,PADAM SINGH,,,,ABDUL KHALEQUE,Dara Singh Chauhan,Annie Raja,K. Ponmudi,Chhagan Bhujbal,Alok Mehta,Manjinder Singh Sirsa,Milind Narvekar,Gopal Chaudhary,Yanamala Ramakrishnudu,Sougata Ray,Jupally Krishna Rao,Ambati Rambabu,,,,LAXMAN PASWAN,,,,,,CHANDESHWAR PRASAD,ARUN KUMAR MISHRA,,,,,JAYASANKAR.C.R,,,,,,,,
Ajay Yadav,Vasundhara Raje,Pankaj Gupta,Thambidurai,Snehangini Chhuria,SHAMSHER SINGH KHARKARA,,,,MD NAJRUL ISLAM,Raja Ram,Manik Sarkar,I. Periasamy,Jayant Patil,Abdul Bari Siddiqui,Ravneet Singh Bittu,Rahul Shewale,Gyanendra Kumar,Gali Muddu Krishnama Naidu,Shatabdi Roy,Padma Devender Reddy,Alla Ramakrishna Reddy,,,,BALESHWAR MARANDI,,,,,,Vijay Kumar,AJIT PRASAD MAHATA,,,,,D SIVAMUTHU KUMAR,,,,,,,,
Ghulam Nabi Azad,Shivraj Singh Chouhan,Bhagwant Mann,S. P. Velumani,Anubhav Mohanty,BAHADUR SINGH,,,,MD. NAJMUL HOQUE,Sunita Verma,Suneet Chopra,T. M. Anbarasan,Nawab Malik,Bhola Yadav,Parminder Singh Dhindsa,Pratap Sarnaik,Hariom Yadav,A. R. Reddy,Mimi Chakraborty,G. Jagadish Reddy,Anam Ramanarayana Reddy,,,,MD SHAMSHER ALAM,,,,,,Showkat Hussain Khan,SHIB SANKAR GHOSH,,,,,SIVANANENTHAPERUMAL.S.,,,,,,,,
Mallikarjun Kharge,Manohar Parrikar,Jarnail Singh,C. Vijayabaskar,Sarada Prasad Nayak,ZAKIR HUSSAIN,,,,CHOWDHURY SIDDIQULLAH,Satish Chandra,Pallab Sengupta,R. S. Bharathi,Dhananjay Munde,Anand Yadav,Inderjit Singh Zira,Manisha Kayande,Hazi Irfan Solanki,P. Keshav,Moon Moon Sen,G. Kishan Reddy,P. Ramachandra Reddy,,,,MITHILESH KUMAR JHA,,,,,,DR. MOHAMMED SADIQUE KP,,,,,,,,,,,,,,
Indian National Congress,Raman Singh,Amanatullah Khan,K. P. Anbazhagan,Pushpendra Singh Deo,R K ANAND,,,,TARANGA MONDAL,Bhim Rajbhar,Kshiti Goswami,S. Jagathrakshakan,Ajit Pawar,Jagadanand Singh,Ranjit Singh Talwandi,Prakash Surve,Hemraj Verma,K. Yerran Naidu,Nusrat Jahan,K. Keshava Rao,Peddireddy Ramachandra Reddy,,,,RAHUL RANJAN,,,,,,SURAJSINGH KALIYA,,,,,,,,,,,,,,
Ashok Gehlot,Devendra Fadnavis,Imran Hussain,P. Thangamani,Prasanta Nanda,,,,,HASAN NAWAJ,Himendra Gautam,Communist Party,Thangam Thennarasu,Sharad Pawar,Ramchandra Purve,Baldev Singh Mann,Vijay Shivtare,Hemvati Nandan Bahuguna,M. Venkateswara Rao,Subrata Mukherjee,Vinod Kumar Boinapally,Amjad Basha Shaik Bepari,,,,ASHOK KUMAR,,,,,,Hangkhanpau Taithul,,,,,,,,,,,,,,
Shivakumar,Jagat Prakash Nadda,Kailash Gahlot,C. Sreenivasan,Naveen Patnaik,,,,,,Chhatrapal Singh,LDF,P. Thiagarajan,Ajit Pawar,Shivanand Tiwari,Kanwar Pal Singh Gill,Hemangi Worlikar,Hridya Narayan Dixit,Devineni Nehru,Sovan Chatterjee,B. Vinod Kumar,K. Srinivasulu,,,,UPENDRA RAVIDAS,,,,,,MALVINDER SINGH BENIPAL,,,,,,,,,,,,,,
Kamal Nath,Uma Bharti,Rajendra Pal Gautam,V. M. Rajalakshmi,Prasanna Acharya,,,,,,Veer Singh,Prabodh Panda,N. K. Kanimozhi,Supriya Sule,Raghuvansh Prasad Singh,S. S. Dhindsa,Harshal Pradhan,Hukum Singh,Tummala Nageswara Rao,Madan Mitra,Naini Narasimha Reddy,Mekapati Goutham Reddy,,,,VIJAY KUMAR HANSDAK,,,,,,Dr. Bharat,,,,,,,,,,,,,,
Chennithala,Ananth Kumar,Gugan Singh,S. Gokula Indira,Arun Sahoo,,,,,,Ashok Siddharth,Satyawan,A. V. Velu,Praful Patel,Jaiprakash Narayan Yadav,Bibi Upinderjit Kaur,Trupti Sawant,Humara Bara Singh,Kodela Siva Prasada Rao,Tapas Pal,Koppula Eshwar,Kurasala Kannababu,,,,SHIBU SOREN,,,,,,Ravi Sachan,,,,,,,,,,,,,,
Digvijaya Singh,Prakash Javadekar,Raghav Chadha,S. Thenmozhi,Sashi Bhusan Behera,,,,,,Mukul Upadhyay,CPI,P. K. Sekar Babu,Chhagan Bhujbal,Akhtarul Iman,Jagir Kaur,Rajan Vichare,Indrajeet Saroj,Kodela Siva Prasada Rao,Sabyasachi Dutta,V. Srinivas Goud,Mopidevi Venkataramana Rao,,,,JAGARNATH MAHTO,,,,,,ANITA KOL,,,,,,,,,,,,,,
Anand Sharma,Piyush Goyal,N.D. Gupta,M. R. Vijayabhaskar,Atanu Sabyasachi Nayak,,,,,,Ambeth Rajan,Sitaram Yechury,R. Siva,Jayant Patil,Manoj Jha,Harinder Singh Khalsa,Yashwant Jadhav,Irfan Solanki,Thummala Nageswara Rao,Rajib Banerjee,Talasani Srinivas Yadav,Y. S. Jagan Mohan Reddy,,,,NIROOP MAHANTY,,,,,,YELLIPALEM RAMESH.REDDY,,,,,,,,,,,,,,
Salman Khurshid,Sushil Kumar Modi,Prakash Jarwal,K. A. Jayapal,Bijayshree Routray,,,,,,Usha Gautam,D. Raja,Subbulakshmi Jagadeesan,Dhananjay Munde,Misa Bharti,Parkash Singh Badal,Anil Parab,Ishaq Ahmad,TDP,Somen Mitra,E. Dayakar Rao,Y. S. Vijayamma,,,,DEBASHIS MARNDI,,,,,,BAIDYA NATH PRASAD MAHATO,,,,,,,,,,,,,,
Veerappa Moily,J.P. Nadda,Saurabh Bharadwaj,R. Kamaraj,Pratap Keshari Deb,,,,,,Virendra Kashyap,S. Sudhakar Reddy,C. V. Shanmugam,Nawab Malik,Santosh Manjhi,Sukhbir Singh Badal,Sunil Shinde,Jagat S. Verma,Telugu Desam Party,Aroop Biswas,Ajmeera Chandulal,Y. V. Subba Reddy,,,,BUDDHADEB MANDI,,,,,,PRAKASH JHA,,,,,,,,,,,,,,
Ambika Soni,Maneka Gandhi,Atishi Marlena,S. K. Selvam,Puspendra Singh Deo,,,,,,Brijesh Pathak,Brinda Karat,S. P. Velumani,Vandana Chavan,Bhai Virendra,Harsimrat Kaur Badal,Sadanand Sarvankar,Jagjivan Ram,Telugu Desam,Bratya Basu,C. Laxma Reddy,Botsa Satyanarayana,,,,MUKIM KHAN,,,,,,AVANEESH KUMAR SINGH,,,,,,,,,,,,,,
Randeep Singh Surjewala,Ravi Shankar Prasad,Raghav Chadha,N. R. Sivapathi,Arun Kumar Sahoo,,,,,,Ramprasad Jaiswal,A.B. Bardhan,V. Senthil Balaji,Sanjay Dina Patil,Shiv Chandra Ram,Manjinder Singh Sirsa,Manohar Joshi,Jamuna Prasad Nishad,Nandamuri Ramakrishna,Shashi Panja,P. Mahender Reddy,Peddireddy Ramachandra Reddy,,,,TAPAN KUMAR MAHATO,,,,,,SHAHID ALI KHAN,,,,,,,,,,,,,,
Harish Rawat,Anurag Thakur,Durgesh Pathak,K. A. Senkottaiyan,Debiprasad Mishra,,,,,,Ramji Lal Suman,Binoy Viswam,I. Periyasamy,Sunil Tatkare,Om Prakash Yadav,Balwinder Singh Bhunder,Deepak Kesarkar,Janeshwar Mishra,Nandamuri Taraka Ratna,Jyoti Priya Mallick,T. Padma Rao Goud,Dharmana Prasada Rao,,,,PARESH MARANDI,,,,,,ARJUN RAI,,,,,,,,,,,,,,
Amarinder Singh,Dharmendra Pradhan,Dilip Pandey,S. R. Balasubramoniyan,Sanjay Das Burma,,,,,,Shyam Sundar Sharma,Nilotpal Basu,M. R. K. Panneerselvam,Dilip Walse Patil,Rajesh Ranjan alias Pappu Yadav,Naresh Gujral,Sudhir Joshi,Jayant Chaudhary,Nandamuri Kalyan Ram,Shobhandeb Chattopadhyay,V. Prashanth Reddy,Buggana Rajendranath Reddy,,,,SWAPAN MALIK,,,,,,PROF. GHULAM GHOUS,,,,,,,,,,,,,,
Sheila Dikshit,Mukhtar Abbas Naqvi,Sanjeev Jha,V. Saroja,Snehangini Chhuria,,,,,,Mayawati,Tapan Kumar Sen,R. Manoharan,Ajit Pawar,Alok Kumar Mehta,Prem Singh Chandumajra,Sena,Kalyan Singh,Nandamuri Suhasini,Abhijit Mukherjee,Indrakaran Reddy,Anam Ramanarayana Reddy,,,,KANAI BANERJEE,,,,,,DEVENDRA PRASAD YADAV,,,,,,,,,,,,,,
Rajeev Shukla,Kiren Rijiju,Nitin Tyagi,P. B. Beno Zephine,Pradeep Maharathy,,,,,,Satish Chandra Misra,Kanhaiya Kumar,P. Geetha Jeevan,Rajendra Shingne,Anirudh Prasad alias Sadhu Yadav,Ranjit Singh Brahmpura,Shivsena,Kamlesh Katheria,Nandamuri Mokshagna Teja,Amit Mitra,Ch. Malla Reddy,B. Rajendranath Reddy,,,,SHIBRATAN SHARMA,,,,,,DILESHWAR KAMAIT,,,,,,,,,,,,,,
Raj Babbar,Pramod Mahajan,Sarita Singh,MGR,Damodar Rout,,,,,,Ashok Siddharth,M. S. Swaminathan,T. M. Selvaganapathi,Fauzia Khan,Chandrika Rai,Bikram Singh Majithia,Shiv Sena,Kanta Kardam,Payyavula Keshav,Chandrima Bhattacharya,Mahender Reddy,Alla Ramakrishna Reddy,,,,,,,,,,VIJAY KUMAR MANDAL,,,,,,,,,,,,,,
Ashok Chavan,Shahnawaz Hussain,Kapil Mishra,EPS,Debi Prasad Mishra,,,,,,Mewalal Gautam,K. Narayana,K. N. Nehru,Jitendra Awhad,Vijay Krishna,Paramjit Kaur Gulshan,Deepak Sawant,Kapil Dev Agarwal,KE Krishna Murthy,Partha Chatterjee,Sabitha Indra Reddy,Amzath Basha Shaik Bepari,,,,,,,,,,AKHTARUL IMAN,,,,,,,,,,,,,,
Prithviraj Chavan,Sushri Hema Malini,Adarsh Shastri,OPS,Usha Devi,,,,,,Ritesh Pandey,G. Sudhakar Reddy,P. Karthikeyan,Hasan Mushrif,Dinesh Prasad Yadav,Bibi Jagir Kaur,Raj Thackeray,Kunwar Reoti Raman Singh,Yanamala Rama Krishnudu,Purnendu Basu,S. Niranjan Reddy,P. Raghunatha Reddy,,,,,,,,,,DR. RAM PRAKASH MAHTO,,,,,,,,,,,,,,
Milind Deora,Varun Gandhi,Ankit Lal,Sasikala,Prafulla Samal,,,,,,Munquad Ali,Rajendra Prasad Singh,S. R. Parthiban,Nawab Malik,Bhudev Choudhary,Simranjit Singh Mann,Avinash Abhyankar,Lallan Ram,Bonda Uma Maheswara Rao,Aroop Biswas,A. Indrakaran Reddy,Kakani Govardhan Reddy,,,,,,,,,,SANTOSH KUMAR,,,,,,,,,,,,,,
Shatrughan Sinha,Sakshi Maharaj,Ashish Khetan,Jayakumar,Raghunath Mohanty,,,,,,Narender Kashyap,K. Subbarayan,N. Siva,Gulabrao Deokar,Anant Singh,Surjit Singh Rakhra,Vilas Potnis,Lalmani Prasad,Ayyannapatrudu,Sovandeb Chattopadhyay,Prashanth Reddy V,Kotamreddy Sridhar Reddy,,,,,,,,,,SHARAD YADAV,,,,,,,,,,,,,,
Sushil Kumar Shinde,Ravi Kishan,Ashutosh,Munusamy,Pranab Prakash Das,,,,,,Brijesh Pathak,Mohammed Salim,P. M. Moideen Khan,Sachin Ahir,Sudhakar Singh,Virsa Singh Valtoha,Vijay Auti,Laxmi Gautam,Kodela Sivaprasad,Jyotipriya Mallick,Errabelli Dayakar Rao,K. Srinivasulu,,,,,,,,,,SANJAY KUMAR JHA,,,,,,,,,,,,,,
Pawan Bansal,Giriraj Singh,Jitender Singh Tomar,Sengottaiyan,Badrinarayan Patra,,,,,,Akhilesh Das,Annie Raja,J. Anbazhagan,Dr. R. S. Gavai,Ram Lakhan Singh Yadav,Gulzar Singh Ranike,Anil Patankar,Laxmi Yadav,Silpa Mohan Reddy,Rajib Banerjee,Talasani Srinivas Yadav,Balineni Srinivasa Reddy,,,,,,,,,,VIJENDRA CHAUDHARY,,,,,,,,,,,,,,
Haroon Yusuf,Manoj Tiwari,Somnath Bharti,Shanmugam,Ashok Chandra Panda,,,,,,Jai Prakash Singh,Pallab Sengupta,R. Mohan Raj,Datta Meghe,Vijay Prakash,Tota Singh,Kishor Dange,Madhu Gupta,Thummala Nageswara Rao,Suvendu Adhikari,Etela Rajender,Y. S. Avinash Reddy,,,,,,,,,,VIJAY KUMAR SAHNI,,,,,,,,,,,,,,
Ajay Maken,Yashwant Sinha,Vandana Kumari,Vaithilingam,Pushpendra Singh Deo,,,,,,Atar Singh Rao,R. Mutharasan,R. T. Ramachandran,Supriya Sule,Kanti Singh,Sukhdev Singh Dhindsa,Rajendra Patni,Mahendra Singh Patel,Ravela Kishore Babu,TMC,Tummala Nageswara Rao,Talari Aditya,,,,,,,,,,ANIL KUMAR,,,,,,,,,,,,,,
Meira Kumar,Arun Shourie,Ankit Lal,Udhayakumar,Sanjay Kumar Das Burma,,,,,,Anil Singh,Jitendra Choudhury,P. Dhanapal,Sanjay Dina Patil,Shakti Singh Yadav,Janmeja Singh Sekhon,Gajanan Kirtikar,Mamta Chaudhary,Buddha Venkanna,AITMC,E. Rajender,Kodali Sri Venkateswara Rao,,,,,,,,,,MANOJ KUMAR SINGH,,,,,,,,,,,,,,
Bhupinder Singh Hooda,Subramanian Swamy,Raghav Chadha,Pandian,Priyadarshi Mishra,,,,,,Bhimrao Ambedkar,Shameem Faizee,DMK,Dr. Amol Kolhe,Prabhunath Singh,Mantar Singh Brar,Anandrao Adsul,Manoj Agrawal,C. M. Ramesh,Trinamool,Koppula Eshwar,A. Ramakrishna Reddy,,,,,,,,,,MANORANJAN SINGH,,,,,,,,,,,,,,
Naveen Jindal,Kalyan Singh,Jasmine Shah,Semmalai,Bikram Keshari Arukha,,,,,,Sudhindra Bhadoria,Gurudas Dasgupta,Dravida Munnetra Kazhagam,Vandana Chavan,Janardan Singh Sigriwal,Daljit Singh Cheema,Bhavana Gawali,Meera Vardhan,Galla Jayadev,Mamata Banerjee,Vinod Kumar Boinapally,Ramireddy Pratap Kumar Reddy,,,,,,,,,,SALEEM PERWEZ,,,,,,,,,,,,,,
Shakeel Ahmed,Vijay Rupani,Naveen Jaihind,Balaraman,Samir Ranjan Dash,,,,,,Ram Achal Rajbhar,P. R. Natarajan,Stalin,Sunil Tatkare,Satyadev Ram,Gurpartap Singh Wadala,Shivajirao Adhalrao Patil,Mohammad Azam Khan,Maganti Murali Mohan,Abhishek Banerjee,B. Vinod Kumar,Alla Nani,,,,,,,,,,RAM SUNDAR DAS,,,,,,,,,,,,,,
RPN Singh,M. Venkaiah Naidu,Sushil Gupta,Thambidurai,Niranjan Pujari,,,,,,Lalji Verma,Amra Ram,Karunanidhi,Rajendra Shingne,Shakuni Choudhary,Baldev Singh Mann,Shrirang Barne,Mohammed Asif,Kambhampati Rammohan Rao,Subrata Bakshi,G. Jagadish Reddy,Mekathoti Sucharita,,,,,,,,,,ASHWAMEDH DEVI,,,,,,,,,,,,,,
Mohsina Kidwai,Sarbananda Sonowal,Bhagwant Mann,Velumani,Sushant Singh,,,,,,Dara Singh Chauhan,Shyamlal Chakraborty,Kanimozhi Karunanidhi,Dhananjay Munde,Shakeel Ahmad Khan,Amarpal Singh Bonny,Hemant Godse,Mohammed Shahid,Nama Nageswara Rao,Firhad Hakim,Nayani Narasimha Reddy,Kakani Govardhan Reddy,,,,,,,,,,MAHESHWAR HAZARI,,,,,,,,,,,,,,
Sushmita Dev,B.S. Yediyurappa,Baljinder Kaur,Vijayabaskar,Premananda Nayak,,,,,,Kusum Singh Mehra,Niranjan Jyoti,Dayanidhi Maran,Ranjitsinh Mohite Patil,Mundrika Singh Yadav,Sikander Singh Maluka,Krupal Tumane,Mohd Irfan,N. Chandrababu Naidu,Subrata Mukherjee,Jupally Krishna Rao,Kotamreddy Sridhar Reddy,,,,,,,,,,DINESH CHANDRA YADAV,,,,,,,,,,,,,,
Jitin Prasada,Anandiben Patel,Sarabjit Kaur Manuke,Anbazhagan,Ranendra Pratap Swain,,,,,,Mukhtar Ansari,G. Ramakrishnan,T. R. Baalu,Jayant Patil,Sanjay Yadav,Sarwan Singh Phillaur,Arvind Sawant,Mohd. Shahid,Nara Lokesh,Partha Chatterjee,P. Srinivas Reddy,Dharmana Krishna Das,,,,,,,,,,ABU QAISER,,,,,,,,,,,,,,
Rajiv Shukla,Jayant Sinha,Jai Bhagwan Upkar,Thangamani,Bhagirathi Sethi,,,,,,Haji Yakub Qureshi,Santosh Rana,A. Raja,Udayanraje Bhosale,Ram Vilas Paswan,Virsa Singh Valtoha,Vinayak Raut,Akhilesh Yadav,Yanamala Ramakrishnudu,Aroop Biswas,Koppula Eswar,Kurasala Kannababu,,,,,,,,,,RAJIV RANJAN SINGH ALIAS LALAN SINGH,,,,,,,,,,,,,,
Pramod Tiwari,Ram Madhav,AAP,Sreenivasan,Padmanav Behera,,,,,,Ashok Kumar Tripathi,Thammineni Veerabhadram,Duraimurugan,Praful Patel,Anil Kumar Yadav,Dyal Singh Kolianwali,Priyanka Chaturvedi,Mulayam Singh Yadav,Kala Venkata Rao,Derek O'Brien,Balka Suman,Alla Rama Krishna Reddy,,,,,,,,,,KAUSHLENDRA KUMAR,,,,,,,,,,,,,,
Nagma,Raghavendra Rathore,Aam Aadmi Party,AIADMK,Jyoti Prakash Panigrahi,,,,,,Ramesh Gautam,P. V. Kathiravan,R. Lakshmanan,Ganesh Naik,Muneshwar Choudhary,Darbara Singh Guru,,Samajwadi Party,Ayyanna Patrudu,Suvendu Adhikari,T. Harish Rao,Mopidevi Venkataramana Rao,,,,,,,,,,DR.GOPAL PRASAD SINHA,,,,,,,,,,,,,,
Priya Dutt,Jual Oram,Anjali Damania,All India Anna Dravida Munnetra Kazhagam,Susant Singh,,,,,,Chandrapal Singh,Anubrata Mondal,Alagiri,Chhagan Bhujbal,Maheshwar Prasad Yadav,Pawan Kumar Tinu,,Ram Gopal Yadav,Devineni Uma Maheswara Rao,Sovandeb Chattopadhyay,N. Uttam Kumar Reddy,N. Amaranatha Reddy,,,,,,,,,,RANJAN PRASAD YADAV,,,,,,,,,,,,,,
Kirti Azad,Harsh Vardhan,Ashok Tanwar,,Arun Kumar Sahoo,,,,,,Uma Shankar Singh,N. K. Premachandran,,Nawab Malik,Sarfraz Alam,Jagmeet Singh Brar,,Azam Khan,Somireddy Chandramohan Reddy,Madan Mitra,Ponguleti Srinivas Reddy,S. Umda,,,,,,,,,,MEENA SINGH,,,,,,,,,,,,,,
Gurudas Kamat,Pankaja Munde,Medha Patkar,,Pranab Balabantaray,,,,,,Lalji Verma,N. K. S. Ganesan,,Fauzia Khan,Faisal Rahman,Rattan Singh Ajnala,,Dimple Yadav,Palle Raghunatha Reddy,Sudip Bandyopadhyay,G. Vivekananda,S. R. Vijaya Kumar,,,,,,,,,,SHYAM LAL SINGH KUSHWAHA,,,,,,,,,,,,,,
INC,Nand Kumar Singh Chauhan,Yogendra Yadav,,Pratap Keshari Deb,,,,,,Dharam Pal Singh,Veena George,,Dilip Walse Patil,Abu Dojana,Inderbir Singh Bolaria,,Shivpal Singh Yadav,Kodela Siva Prasada Rao,Saugata Roy,Gongidi Sunitha,M. A. Wahab,,,,,,,,,,KARRA PARASU RAMAIAH,,,,,,,,,,,,,,
Congress,Anil Jain,,,Raghunath Mohanty,,,,,,Brijesh Pathak,P. Rajeev,,Ajit Pawar,Bulo Mandal,Harpreet Singh,,Jaya Bachchan,Sidda Raghava Rao,Kakoli Ghosh Dastidar,Challa Dharma Reddy,Samineni Udaya Bhanu,,,,,,,,,,MAHABALI SINGH,,,,,,,,,,,,,,
Jignesh Mewani,Kirron Kher,,,Badri Narayan Patra,,,,,,Mukhtar Ansari,V. Sivankutty,,Hasan Mushrif,Suresh Chanchal,N.K. Sharma,,Naresh Agrawal,Bandaru Satyanarayana Murthy,Mahua Moitra,Gadari Kishore,Ambati Rambabu,,,,,,,,,,ANIL KUMAR SHARMA,,,,,,,,,,,,,,
Hardik Patel,Rajyavardhan Singh Rathore,,,Puspendra Singh Deo,,,,,,Girish Chandra,R. Ashok Kumar,,Gulabrao Deokar,Arun Kumar Yadav,Ranjit Singh Talwandi,,Dharmendra Yadav,Prathipati Pulla Rao,Nusrat Jahan,Kova Lakshmi,Kakani Govardhan Reddy,,,,,,,,,,BAGI KUMAR VERMA,,,,,,,,,,,,,,
Alpesh Thakor,Shrikant Sharma,,,Rajanikanta Singh,,,,,,Suresh Bansal,K. Rajendran,,Sachin Ahir,Binod Kushwaha,Sharanjit Singh Dhillon,,Azam Khan,K. Atchannaidu,Mimi Chakraborty,Kalvakuntla Kavitha,Ambati Rambabu,,,,,,,,,,JITAN RAM MANJHI,,,,,,,,,,,,,,
Navjot Singh Sidhu,Pragya Singh Thakur,,,Sambit Routray,,,,,,Manoj Kumar Paras,S. Balasubramanian,,Bhaskar Jadhav,Lalit Yadav,Virk Simarjeet Singh,,Kamlesh Pathak,Nakka Anand Babu,Satabdi Roy,Konda Surekha,P. Subhash Chandra Bose,,,,,,,,,,KAUSHAL YADAV,,,,,,,,,,,,,,
Navjot Kaur,Sambit Patra,,,Pranab Prakash Das,,,,,,Anil Kumar Singh,Binoy Kodiyeri,,Nawab Malik,Mohd. Sarfuddin,Veer Singh Lopoke,,Abu Azmi,Paritala Sunitha,Moon Moon Sen,B. N. Reddy,Perla S. N. Reddy,,,,,,,,,,UDAY NARAIN CHOUDHARY,,,,,,,,,,,,,,
Sidhu,Nupur Sharma,,,Bikram Keshari Arukh,,,,,,Vinay Shankar Tiwari,B. K. Hariprasad,,Rajesh Tope,Manoj Manzil,Pargat Singh,,Ravi Prakash Verma,Ganta Srinivasa Rao,Chandrima Bhattacharya,Talasani Srinivas Yadav,Merugu Nagarjuna,,,,,,,,,,SURINDER BHARDWAJ,,,,,,,,,,,,,,
Ahmed Patel (Late),Meenakshi Lekhi,,,Debi Prasad Mishra,,,,,,S. S. Pasi,R. Selvam,,Hasan Mushrif,Sheo Chandra Ram,Didar Singh Bhatti,,Amar Singh,Ravela Kishore Babu,Aroop Biswas,T. Padma Rao Goud,Chevireddy Bhaskar Reddy,,,,,,,,,,RAJESH KUMAR MAHANT,,,,,,,,,,,,,,
Jairam Ramesh,Saroj Pandey,,,Snehangini Chhuria,,,,,,Ramji Gautam,S. Thirunavukkarasar,,Bhaskar Jadhav,Raghubansh Prasad Singh,Gulzar Singh Ranike,,Jaya Prada,Bhuma Akhila Priya,Smita Bakshi,Challa Dharma Reddy,Katamreddy Vishnuvardhan Reddy,,,,,,,,,,SHRIKANT SHAH,,,,,,,,,,,,,,
Oommen Chandy,Alphons Kannanthanam,,,Niranjan Pujari,,,,,,Hafiz Anwar-ul-Haq,R. Nallakannu,,Sunil Tatkare,Tejashwi,Dyal Singh Kolianwali,,Mohd Azam Khan,Kalava Srinivasulu,Partha Chatterjee,Gongidi Sunitha,Kanna Babu,,,,,,,,,,VIJAYBHAI NATHUBHAI BHOYA,,,,,,,,,,,,,,
K.C. Venugopal,Bandaru Dattatreya,,,Prafulla Samal,,,,,,Bhishma Shankar,C. Mahendran,,Anil Deshmukh,Akhtarul Iman,Bikram Singh Majithia,,Abu Asim Azmi,P. Narayana,Chandrima Bhattacharya,Gadari Kishore,K. R. Raja,,,,,,,,,,GOVINDJI OKHAJI THAKOR,,,,,,,,,,,,,,
Mukul Wasnik,Gajendra Singh Shekhawat,,,Sanjay Kumar Das Burma,,,,,,Santosh Kumar Gangwar,T. K. Rangarajan,,Dilip Walse Patil,Surendra Prasad Yadav,Sikander Singh Maluka,,Sanjay Dutt,Kimidi Mrunalini,Tapas Roy,Kova Lakshmi,Shankar Narayana,,,,,,,,,,DUTT AAKASH - ADVOCATE,,,,,,,,,,,,,,
Manish Tewari,Manoj Sinha,,,Ashok Chandra Panda,,,,,,Hargovind Bhargava,R. S. Bharathi,,Sunil Tatkare,Chandrika Rai,Avtar Singh Hit,,Sanjay Seth,Chinarajappa Kinjarapu,Saugata Roy,Kalvakuntla Kavitha,K. Parthasarathi,,,,,,,,,,CHAVADA MANUBHAI PARSHOTTMBHAI,,,,,,,,,,,,,,
Siddaramaiah,K.J. Alphons,,,BJD,,,,,,S. S. Pasi,M. Selvarasu,,Dilip Walse Patil,Rashtriya Janata Dal,Harpreet Singh,,Brij Bhushan Singh,P. Ashok Gajapathi Raju,Arup Biswas,Konda Surekha,Bhumana Karunakar Reddy,,,,,,,,,,SHAIKH MAJITMIYA JIVAMIYA,,,,,,,,,,,,,,
Sharmistha Mukherjee,Satyapal Singh,,,Biju Janata Dal,,,,,,R. S. Kushwaha,N. Nanmaran,,Hasan Mushrif,RJD,Ranjit Singh Talwandi,,Raj Babbar,Adireddy Bhavani,Bratya Basu,B. N. Reddy,B. Madhusudhan Reddy,,,,,,,,,,RAMSINGBHAI NANJIBHAI KALARA,,,,,,,,,,,,,,
Abhishek Manu Singhvi,Mahesh Sharma,,,Patnaik,,,,,,Dharam Pal Singh,A. Soundararajan,,Anil Deshmukh,RJD chief,Surjit Singh Rakhra,,Mohd Azam Khan,Vangalapudi Anitha,Jyotipriyo Mullick,Vinay Bhaskar Rao,Jogi Ramesh,,,,,,,,,,JADAV AMBALAL KANABHAI,,,,,,,,,,,,,,
"Jyotiraditya Scindia (formerly with Congress, switched to BJP in 2020)",Nishikant Dubey,,,,,,,,,Vinod Kumar Jaiswal,M. Arumugham,,Jitendra Awhad,Tej Pratap,Sarwan Singh Phillaur,,Aruna Kumari,Pydikondala Manikyala Rao,Rajib Banerjee,Dasyam Vinay Bhaskar,Karumuri Venkata Nageswara Rao,,,,,,,,,,VASAVA PRAFULBHAI DEVJIBHAI,,,,,,,,,,,,,,
"Jitin Prasada (formerly with Congress, switched to BJP in 2021)",Ram Kripal Yadav,,,,,,,,,Brajesh Pathak,V. C. Ponnaiyan,,Ganesh Naik,Anwarul Haque,Inderbir Singh Bolaria,,Rakesh Sachan,Pawan Kalyan,Debasish Kumar,Joginipally Santosh Kumar,Nallapareddy Prasanna Kumar Reddy,,,,,,,,,,ANILKUMAR CHHITUBHAI BHAGAT,,,,,,,,,,,,,,
K.V. Thomas,Anil Baluni,,,,,,,,,Sunil Kumar Chittauri,R. P. Marutharajaa,,Sachin Ahir,Tejaswi Yadav,Badal,,Ravidas Mehrotra,J. C. Diwakar Reddy,Firhad Hakim,Nomula Narsimhaiah,N. Rajendra Prasad,,,,,,,,,,JAGATSINH LALJIBHAI VASAVA,,,,,,,,,,,,,,
V. Narayanasamy,Manohar Lal Khattar,,,,,,,,,Sunil Kumar Chittauri,A. Tamilarasi,,Sanjay Dina Patil,Tejaswi,Sukhbir,,Brijlal Khabari,T. G. Venkatesh,Indranil Sen,Kanaka Reddy,N. Rajendraprasad,,,,,,,,,,VASAVA KISHORBHAI CHHOTUBHAI,,,,,,,,,,,,,,
Gaurav Gogoi,Pema Khandu,,,,,,,,,Lalji Verma,A. Nallathambi,,Sharad Ranpise,,Harcharan,,Hariom Yadav,Karanam Balaram Krishna Murthy,Sovan Chatterjee,Pocharam Srinivas Reddy,N. Roja,,,,,,,,,,PATEL BHUPENDRAKUMAR DHIRUBHAI,,,,,,,,,,,,,,
K.H. Muniyappa,Amarinder Singh,,,,,,,,,Ashok Kumar Tripathi,P. Shanmugam,,Fauzia Khan,,Bibi,,Rakesh Verma,R. Sujayakrishna Ranga Rao,Shashi Panja,Sunke Ravishankar,P. Subhash Chandra Bose,,,,,,,,,,PATEL SHAILESHBHAI GANDABHAI,,,,,,,,,,,,,,
Adhir Ranjan Chowdhury,Trivendra Singh Rawat,,,,,,,,,Virendra Singh,R. Rajangam,,R. R. Patil,,Dhindsa,,Brijendra Singh Yadav,Rammohan Naidu Kinjarapu,Shashi Tharoor,Arekapudi Gandhi,K. Parthasarathi,,,,,,,,,,NIRMALA,,,,,,,,,,,,,,
Gogoi Tarun,Jai Ram Thakur,,,,,,,,,Suneeta Chauhan,M. E. Selvam,,,,Shiromani Akali Dal,,Abhishek Mishra,Butchaiah Chowdary Kandru,Suvendu Adhikari,Errabelli Dayakar Rao,Perla S. N. Reddy,,,,,,,,,,RAJVARDHAN AZAD,,,,,,,,,,,,,,
Bhupesh Baghel,Raghubar Das,,,,,,,,,Prakash Ambedkar,C. N. Annadurai,,,,Shiromani,,Arvind Singh Yadav,Konakalla Narayana Rao,Sudip Bandyopadhyay,Gangula Kamalakar,Perni Venkataramaiah,,,,,,,,,,MAHESH SINGH YADAV,,,,,,,,,,,,,,
Rajeev Satav (Late),BJP,,,,,,,,,Rajesh Verma,R. S. Udayakumar,,,,Akali Dal,,Surendra Singh Nagar,Ganti Harish Madhur,Mahua Moitra,N. Diwakar Rao,Pinnelli Ramakrishna Reddy,,,,,,,,,,KRISHNA SINGH,,,,,,,,,,,,,,
R.P.N. Singh,Bharatiya Janata Party,,,,,,,,,Jaiveer Singh,R. Masilamani,,,,,,Beni Prasad Verma,Maganti Murali Mohan,Nusrat Jahan,Madhusudhanachari,Samineni Udaya Bhanu,,,,,,,,,,JALESHWAR MAHATO,,,,,,,,,,,,,,
"Abhay Chautala (formerly with Congress, switched to INLD)",Modi,,,,,,,,,Shyam Lal Chauhan,K. Balabharathi,,,,,,Rakesh Verma,N. Sivaprasad,Mimi Chakraborty,Marri Janardhan Reddy,S. R. Vijayakumar,,,,,,,,,,JORAWAR RAM,,,,,,,,,,,,,,
D.K. Shivakumar,Bandi Sanjay,,,,,,,,,Munnilal,G. Palanivel,,,,,,Ram Baran Yadav,Mekapati Rajamohan Reddy,Moon Moon Sen,Nallala Odelu,S. Raghurami Reddy,,,,,,,,,,KANABUR SADASHIV SIDAMALLAPPA,,,,,,,,,,,,,,
Sushilkumar Shinde,Dushyant Singh,,,,,,,,,Mukesh Dixit,R. Mutharasan,,,,,,Sharda Pratap Shukla,Naramalli Sivaprasad,Kakoli Ghosh Dastidar,Niranjan Reddy,S. Ramakrishna Reddy,,,,,,,,,,B. DHARMAPPA,,,,,,,,,,,,,,
Anurag Thakur,Anshul Verma,,,,,,,,,R.S. Kushwaha,K. Subbarayan,,,,,,Rakesh Verma,Kesineni Srinivas,Subrata Bakshi,Palla Rajeshwar Reddy,Singireddy Niranjan Reddy,,,,,,,,,,M.KUMBAIAH,,,,,,,,,,,,,,
Anurag Singh Thakur,C.R. Patil,,,,,,,,,Brajesh Pathak,S. Ambeth Rajan,,,,,,Sushila Saroj,Avanthi Srinivas,Sovandeb Chattopadhyay,Patlolla Sabitha Indra Reddy,T. Gurumurthy Reddy,,,,,,,,,,S P MAHADEVAPPA,,,,,,,,,,,,,,
N. Raghuveera Reddy,Rajiv Pratap Rudy,,,,,,,,,Ravindra Nath Tripathi,B. Balabharathi,,,,,,Sushil Kumar Yadav,J.C. Prabhakar Reddy,Aroop Biswas,K. Eshwar,Talari Aditya,,,,,,,,,,SYED MEHABOOB,,,,,,,,,,,,,,
Harsha Moily,R.K. Singh,,,,,,,,,BSP,M. Manickam Tagore,,,,,,Usha Verma,Ganta Srinivasa Rao,Firhad Hakim,Tummala Nageswara Rao,V. Srinivas Reddy,,,,,,,,,,REDDY G K C,,,,,,,,,,,,,,
Karan Singh,Prahlad Singh Patel,,,,,,,,,Bahujan Samaj Party,T. N. Prathapan,,,,,,Veer Pal Singh Yadav,Bandaru Dattatreya,Partha Chatterjee,Talasani Srinivas Yadav,Y. S. Avinash Reddy,,,,,,,,,,HAJI MOIDEEN SHAH,,,,,,,,,,,,,,
P.C. Chacko,Renuka Singh Saruta,,,,,,,,,Praveen Kumar,K. Subbarayan,,,,,,Vishambhar Prasad Nishad,Chintamaneni Prabhakar,Suvendu Adhikari,C. Laxma Reddy,Y. S. Jagan Mohan Reddy,,,,,,,,,,DENSIL MENDEZ,,,,,,,,,,,,,,
Sheila Dikshit (Late),Jaskaur Meena,,,,,,,,,,S. Venkatesan,,,,,,Yashvir Singh,Gorantla Butchaiah Chowdary,Mamata,C. Madan Reddy,Y. V. Subba Reddy,,,,,,,,,,ADV.M. R.SARIN,,,,,,,,,,,,,,
Kumari Selja,Rattan Lal Kataria,,,,,,,,,,C. N. Jayadevan,,,,,,Zafar Ali Naqvi,Maganti Venkateswara Rao,Didi,E. Dayakar Rao,M. M. Pallam Raju,,,,,,,,,,BHERUSINGH DAMOR,,,,,,,,,,,,,,
"Sanjay Singh (Formerly with Congress, joined AAP)",V.K. Singh,,,,,,,,,,T. N. Seema,,,,,,Abu Farhan Azmi,Maganti Babu,,E. Rajender,Jagan,,,,,,,,,,SHAHID SHARIF,,,,,,,,,,,,,,
Hardik Patel (Formerly associated with the Congress),D.V. Sadananda Gowda,,,,,,,,,,P. Karunakaran,,,,,,Abhay Awasthi,Sidda Raghava Rao,,Pocharam Srinivas Reddy,V. Pratap Reddy,,,,,,,,,,WANKHEDE SUBHASH NAGORAO,,,,,,,,,,,,,,
Rajinder Kaur Bhattal,Renuka Butta,,,,,,,,,,C. Divakaran,,,,,,Alambadi Ansari,Nandamuri Balakrishna,,Naini Narasimha Reddy,K. Gurunath Reddy,,,,,,,,,,BARNE SHRIRANG CHIMAJI,,,,,,,,,,,,,,
Deepender Singh Hooda,G. Kishan Reddy,,,,,,,,,,V. K. Sreekandan,,,,,,Anara Patel,Nandamuri Harikrishna,,V. Srinivas Goud,Alla Nani,,,,,,,,,,LAMMINLIEN @ LIEN GANGTE,,,,,,,,,,,,,,
Pawan Kumar Bansal,Bhanu Pratap Singh Verma,,,,,,,,,,K. Suresh Kurup,,,,,,Amar Singh,Payyavula Keshav,,Telangana Rashtra Samithi,YSRCP,,,,,,,,,,S. CHITRAKALA,,,,,,,,,,,,,,
Mukul Sangma,Ajay Nishad,,,,,,,,,,C. N. Balakrishnan,,,,,,Anand Bhadauria,Sriram Rajagopal,,K. Chandrasekhar Rao,YSR Congress Party,,,,,,,,,,AKSHAYBAR NATH MISHRA,,,,,,,,,,,,,,
Kodikunnil Suresh,Subhash Chandra Baheria,,,,,,,,,,K. K. Ragesh,,,,,,Samajwadi Party,Challa Ramakrishna Reddy,,K Chandrashekar Rao,YSR,,,,,,,,,,BHANJI BHAI,,,,,,,,,,,,,,
"Shatrughan Sinha (formerly with BJP, joined Congress)",Pankaj Choudhary,,,,,,,,,,A. K. Saseendran,,,,,,Akhilesh,Nakka Anand Babu,,,G. Srikanth Reddy,,,,,,,,,,K. MANI,,,,,,,,,,,,,,
Renuka Chowdhury,Kamakhya Prasad Tasa,,,,,,,,,,R. Selvaraj,,,,,,Mulayam,Dokka Manikya Varaprasad,,,R. K. Roja,,,,,,,,,,SUNITA,,,,,,,,,,,,,,
Ghulam Ahmed Mir,Parvesh Sahib Singh Verma,,,,,,,,,,M. P. Rajeev,,,,,,Mulayam Singh,Palle Raghunatha Reddy,,,Rajesh Reddy,,,,,,,,,,LALIT CHAUHAN,,,,,,,,,,,,,,
Arjun Modhwadia,Pratap Sarangi,,,,,,,,,,P. K. Biju,,,,,,Aparna Yadav,Rajendra Prasad Singh,,,,,,,,,,,,,RAMESH,,,,,,,,,,,,,,
Pradeep Bhattacharya,Ramdas Athawale,,,,,,,,,,A. Sampath,,,,,,,Ravela Kishore Babu,,,,,,,,,,,,,PITAM SINGH,,,,,,,,,,,,,,
Sunil Jakhar,Udayanraje Bhosale,,,,,,,,,,S. K. Kharventhan,,,,,,,Beeda Masthan Rao,,,,,,,,,,,,,BAL KRISHNA,,,,,,,,,,,,,,
Nirmal Khatri,Poonam Mahajan,,,,,,,,,,P. Viswanathan,,,,,,,Mekapati Rajamohan Reddy,,,,,,,,,,,,,GOPI RAMAN,,,,,,,,,,,,,,
H.K. Patil,Satyapal Singh Baghel,,,,,,,,,,V. Sreenivasan,,,,,,,Bonda Uma Maheswara Rao,,,,,,,,,,,,,PAPPU YADAV,,,,,,,,,,,,,,
K. Raju,Pragya Thakur,,,,,,,,,,K. Suresh Kurup,,,,,,,Kalava Srinivasulu,,,,,,,,,,,,,RAMPRATAP,,,,,,,,,,,,,,
Sudhir Sharma,Ashok Gasti,,,,,,,,,,A. Sampath,,,,,,,Rama Naidu Yanamala,,,,,,,,,,,,,VED PRAKASH MALL,,,,,,,,,,,,,,
Vilasrao Deshmukh (Late),Basanagouda Patil Yatnal,,,,,,,,,,V. S. Achuthanandan,,,,,,,Kimidi Mrunalini,,,,,,,,,,,,,DR SANJAY KR. SINGH,,,,,,,,,,,,,,
"Sanjay Singh (formerly with Congress, joined AAP)",Rajendra Agrawal,,,,,,,,,,B. Mehtab,,,,,,,Panchakarla Ramesh Babu,,,,,,,,,,,,,RAJESH,,,,,,,,,,,,,,
Tharoor Sasi,Harmeet Singh Pental,,,,,,,,,,R. K. Choudhary,,,,,,,Prathipati Pulla Rao,,,,,,,,,,,,,DR. HARIDWAR SINGH YADAV,,,,,,,,,,,,,,
Bhakta Charan Das,Rameswar Teli,,,,,,,,,,P. Venugopal,,,,,,,Ravindra Kumar Kanakamedala,,,,,,,,,,,,,TEJ BAHADUR YADAV ADVOCATE,,,,,,,,,,,,,,
Nagma (former actress and Congress candidate),Rameshwar Teli,,,,,,,,,,P. Mohan,,,,,,,Nara Lokesh,,,,,,,,,,,,,NURUL ISLAM,,,,,,,,,,,,,,
"Bhagwant Mann (formerly with Congress, joined AAP)",Harish Dwivedi,,,,,,,,,,V. Arun Kumar,,,,,,,Challa Ramakrishna Reddy,,,,,,,,,,,,,JDU,,,,,,,,,,,,,,
"Navjot Singh Sidhu (formerly with BJP, joined Congress)",Shivkumar Udasi,,,,,,,,,,A. Chellakumar,,,,,,,Karanam Balaram Krishna Murthy,,,,,,,,,,,,,,,,,,,,,,,,,,,
Bhanwar Jitendra Singh,Tejasvi Surya,,,,,,,,,,M. Krishna Swamy,,,,,,,Lanka Dinakar,,,,,,,,,,,,,,,,,,,,,,,,,,,
Anugrah Narayan Singh (Late),Pralhad Joshi,,,,,,,,,,S. Gurumurthy,,,,,,,M. Ramesh,,,,,,,,,,,,,,,,,,,,,,,,,,,
Abhishek Singhvi,G.K. Reddy,,,,,,,,,,C. K. Subramaniam,,,,,,,R. Sujayakrishna Ranga Rao,,,,,,,,,,,,,,,,,,,,,,,,,,,
Shahnawaz Hussain,Jai Prakash Nishad,,,,,,,,,,S. Raja,,,,,,,Nallamilli Ramakrishna Reddy,,,,,,,,,,,,,,,,,,,,,,,,,,,
"Shazia Ilmi (formerly with Congress, joined BJP)",R.P. Singh,,,,,,,,,,K. C. Palanisamy,,,,,,,Kesineni Srinivas,,,,,,,,,,,,,,,,,,,,,,,,,,,
P. C. Chacko,Bhupender Yadav,,,,,,,,,,Kanhaiya,,,,,,,Kesineni Nani,,,,,,,,,,,,,,,,,,,,,,,,,,,
Rajesh Sharma,Ramesh Bidhuri,,,,,,,,,,,,,,,,,Nandamuri Balakrishna,,,,,,,,,,,,,,,,,,,,,,,,,,,
Srinivas BV,A. Narayanaswamy,,,,,,,,,,,,,,,,,Acham Naidu Kinjarapu,,,,,,,,,,,,,,,,,,,,,,,,,,,
"Vijay Bahuguna (formerly with Congress, joined BJP)",B.L. Santhosh,,,,,,,,,,,,,,,,,Nandamuri Harikrishna,,,,,,,,,,,,,,,,,,,,,,,,,,,
Vijender Singh,Kailash Vijayvargiya,,,,,,,,,,,,,,,,,Rama Naidu Yanamala,,,,,,,,,,,,,,,,,,,,,,,,,,,
Balasaheb Thorat,Suresh Prabhu,,,,,,,,,,,,,,,,,Nakka Anand Babu,,,,,,,,,,,,,,,,,,,,,,,,,,,
Kapil Sibal,Dr. Mahesh Sharma,,,,,,,,,,,,,,,,,Arimilli Radhakrishna,,,,,,,,,,,,,,,,,,,,,,,,,,,
Sanjay Nirupam,Mahendra Nath Pandey,,,,,,,,,,,,,,,,,Akhila Priya Bhuma,,,,,,,,,,,,,,,,,,,,,,,,,,,
Dinesh Gundu,V. Muraleedharan,,,,,,,,,,,,,,,,,Rajendra Prasad Singh,,,,,,,,,,,,,,,,,,,,,,,,,,,
Udit Raj,Prahlad Joshi,,,,,,,,,,,,,,,,,Ayyanna Patrudu,,,,,,,,,,,,,,,,,,,,,,,,,,,
Jagadish Shettar,Ananth Kumar Hegde,,,,,,,,,,,,,,,,,Bandaru Dattatreya,,,,,,,,,,,,,,,,,,,,,,,,,,,
John Fernandes,Hema Malini,,,,,,,,,,,,,,,,,Chalamalasetty Sunil,,,,,,,,,,,,,,,,,,,,,,,,,,,
Nandan Nilekani,Darshana Vikram Jardosh,,,,,,,,,,,,,,,,,Dr. Kodela Siva Prasada Rao,,,,,,,,,,,,,,,,,,,,,,,,,,,
Bhanwarlal,Dr. Subhash Ramrao Bhamre,,,,,,,,,,,,,,,,,Galla Aruna Kumari,,,,,,,,,,,,,,,,,,,,,,,,,,,
Manikrao Thakre,Arjun Ram Meghwal,,,,,,,,,,,,,,,,,J.C. Diwakar Reddy,,,,,,,,,,,,,,,,,,,,,,,,,,,
G Parameshwara,Arvind Sharma,,,,,,,,,,,,,,,,,Kala Venkata Rao,,,,,,,,,,,,,,,,,,,,,,,,,,,
Mani Shankar Aiyar,Anupriya Patel,,,,,,,,,,,,,,,,,Kamineni Srinivas,,,,,,,,,,,,,,,,,,,,,,,,,,,
Shaktisinh Gohil,Sadhvi Niranjan Jyoti,,,,,,,,,,,,,,,,,Maganti Murali Mohan,,,,,,,,,,,,,,,,,,,,,,,,,,,
Urmila Matondkar,Satya Pal Singh,,,,,,,,,,,,,,,,,Perni Nani,,,,,,,,,,,,,,,,,,,,,,,,,,,
Ponnala Lakshmaiah,Narayan Rane,,,,,,,,,,,,,,,,,Y.V. Subba Reddy,,,,,,,,,,,,,,,,,,,,,,,,,,,
Elvis Gomes,Kiranmay Nanda,,,,,,,,,,,,,,,,,Y.S. Chowdary,,,,,,,,,,,,,,,,,,,,,,,,,,,
Amit Chavda,Dharmendra Kashyap,,,,,,,,,,,,,,,,,K. Rammohan Naidu,,,,,,,,,,,,,,,,,,,,,,,,,,,
Gundu Rao,Sudhanshu Trivedi,,,,,,,,,,,,,,,,,Beeda Masthan Rao,,,,,,,,,,,,,,,,,,,,,,,,,,,
Rizwan Arshad,Rajkumar Chahar,,,,,,,,,,,,,,,,,Ashok Gajapathi Raju Pusapati,,,,,,,,,,,,,,,,,,,,,,,,,,,
Takam Sanjoy,Hina Bhat,,,,,,,,,,,,,,,,,Kanakamedala Ravindra Kumar,,,,,,,,,,,,,,,,,,,,,,,,,,,
Rashid Alvi,T. Raja Singh,,,,,,,,,,,,,,,,,Rammohan Naidu Kinjarapu,,,,,,,,,,,,,,,,,,,,,,,,,,,
Manish Doshi,Chetan Ram Patel,,,,,,,,,,,,,,,,,Bojjala Gopalakrishna Reddy,,,,,,,,,,,,,,,,,,,,,,,,,,,
UPA,Srinivas Goud,,,,,,,,,,,,,,,,,Kesineni Srinivas,,,,,,,,,,,,,,,,,,,,,,,,,,,
N. Kiran Kumar Reddy,Sanjay Sharma,,,,,,,,,,,,,,,,,Ashok Gajapathi Raju,,,,,,,,,,,,,,,,,,,,,,,,,,,
Priyanka,Vivek Sonkar,,,,,,,,,,,,,,,,,Ganta Srinivasa Rao,,,,,,,,,,,,,,,,,,,,,,,,,,,
Gandhi,Tapir Gao,,,,,,,,,,,,,,,,,K. Atchannaidu,,,,,,,,,,,,,,,,,,,,,,,,,,,
Digvijay Singh,Murlidhar Rao,,,,,,,,,,,,,,,,,K. Narayana,,,,,,,,,,,,,,,,,,,,,,,,,,,
Tharoor,Chirag Paswan,,,,,,,,,,,,,,,,,P. Keshav,,,,,,,,,,,,,,,,,,,,,,,,,,,
Pranab Mukherjee,Sudhanshu Mittal,,,,,,,,,,,,,,,,,JC Diwakar Reddy,,,,,,,,,,,,,,,,,,,,,,,,,,,
Pranab,Lalji Tandon,,,,,,,,,,,,,,,,,Kodela Siva Prasada Rao,,,,,,,,,,,,,,,,,,,,,,,,,,,
Chidambaram,Vijay Bahuguna,,,,,,,,,,,,,,,,,Yanamala Ramakrishnudu,,,,,,,,,,,,,,,,,,,,,,,,,,,
Shiela Dikshit,Satpal Singh Satti,,,,,,,,,,,,,,,,,NTR,,,,,,,,,,,,,,,,,,,,,,,,,,,
Vadra,Shobha Karandlaje,,,,,,,,,,,,,,,,,Kanna Lakshminarayana,,,,,,,,,,,,,,,,,,,,,,,,,,,
,Ajay Bhatt,,,,,,,,,,,,,,,,,,,,,,,,,,,,,,,,,,,,,,,,,,,,
,Ashwini Vaishnaw,,,,,,,,,,,,,,,,,,,,,,,,,,,,,,,,,,,,,,,,,,,,
,Anirban Ganguly,,,,,,,,,,,,,,,,,,,,,,,,,,,,,,,,,,,,,,,,,,,,
,Sunil Deodhar,,,,,,,,,,,,,,,,,,,,,,,,,,,,,,,,,,,,,,,,,,,,
,Jyotiraditya Scindia,,,,,,,,,,,,,,,,,,,,,,,,,,,,,,,,,,,,,,,,,,,,
,Arvind Menon,,,,,,,,,,,,,,,,,,,,,,,,,,,,,,,,,,,,,,,,,,,,
,Tarun Chugh,,,,,,,,,,,,,,,,,,,,,,,,,,,,,,,,,,,,,,,,,,,,
,Maheish Girri,,,,,,,,,,,,,,,,,,,,,,,,,,,,,,,,,,,,,,,,,,,,
,Kirit Somaiya,,,,,,,,,,,,,,,,,,,,,,,,,,,,,,,,,,,,,,,,,,,,
,Mukul Roy,,,,,,,,,,,,,,,,,,,,,,,,,,,,,,,,,,,,,,,,,,,,
,Babul Supriyo,,,,,,,,,,,,,,,,,,,,,,,,,,,,,,,,,,,,,,,,,,,,
,Locket Chatterjee,,,,,,,,,,,,,,,,,,,,,,,,,,,,,,,,,,,,,,,,,,,,
,Rahul Sinha,,,,,,,,,,,,,,,,,,,,,,,,,,,,,,,,,,,,,,,,,,,,
,Dr. Harsh Vardhan,,,,,,,,,,,,,,,,,,,,,,,,,,,,,,,,,,,,,,,,,,,,
,Anurag Singh Thakur,,,,,,,,,,,,,,,,,,,,,,,,,,,,,,,,,,,,,,,,,,,,
,Hardeep Singh Puri,,,,,,,,,,,,,,,,,,,,,,,,,,,,,,,,,,,,,,,,,,,,
,Rajyavardhan Rathore,,,,,,,,,,,,,,,,,,,,,,,,,,,,,,,,,,,,,,,,,,,,
,Ramesh Pokhriyal Nishank,,,,,,,,,,,,,,,,,,,,,,,,,,,,,,,,,,,,,,,,,,,,
,Sadananda Gowda,,,,,,,,,,,,,,,,,,,,,,,,,,,,,,,,,,,,,,,,,,,,
,Biplab Kumar Deb,,,,,,,,,,,,,,,,,,,,,,,,,,,,,,,,,,,,,,,,,,,,
,N. Biren Singh,,,,,,,,,,,,,,,,,,,,,,,,,,,,,,,,,,,,,,,,,,,,
,Himanta Biswa Sarma,,,,,,,,,,,,,,,,,,,,,,,,,,,,,,,,,,,,,,,,,,,,
,Pramod Sawant,,,,,,,,,,,,,,,,,,,,,,,,,,,,,,,,,,,,,,,,,,,,
,Yediyurappa,,,,,,,,,,,,,,,,,,,,,,,,,,,,,,,,,,,,,,,,,,,,
,Jaitley,,,,,,,,,,,,,,,,,,,,,,,,,,,,,,,,,,,,,,,,,,,,
,Harsimrat Kaur Badal,,,,,,,,,,,,,,,,,,,,,,,,,,,,,,,,,,,,,,,,,,,,
,Jitendra Singh,,,,,,,,,,,,,,,,,,,,,,,,,,,,,,,,,,,,,,,,,,,,
,Kailash Choudhary,,,,,,,,,,,,,,,,,,,,,,,,,,,,,,,,,,,,,,,,,,,,
,Sanjeev Kumar Balyan,,,,,,,,,,,,,,,,,,,,,,,,,,,,,,,,,,,,,,,,,,,,
,Arjun Munda,,,,,,,,,,,,,,,,,,,,,,,,,,,,,,,,,,,,,,,,,,,,
,Mansukh Mandaviya,,,,,,,,,,,,,,,,,,,,,,,,,,,,,,,,,,,,,,,,,,,,
,Suresh Angadi,,,,,,,,,,,,,,,,,,,,,,,,,,,,,,,,,,,,,,,,,,,,
,Jayesh Radadiya,,,,,,,,,,,,,,,,,,,,,,,,,,,,,,,,,,,,,,,,,,,,
,Pashupati Kumar Paras,,,,,,,,,,,,,,,,,,,,,,,,,,,,,,,,,,,,,,,,,,,,
,R.C.P. Singh,,,,,,,,,,,,,,,,,,,,,,,,,,,,,,,,,,,,,,,,,,,,
,Kiran Bedi,,,,,,,,,,,,,,,,,,,,,,,,,,,,,,,,,,,,,,,,,,,,
,Om Birla,,,,,,,,,,,,,,,,,,,,,,,,,,,,,,,,,,,,,,,,,,,,
,Shripad Yesso Naik,,,,,,,,,,,,,,,,,,,,,,,,,,,,,,,,,,,,,,,,,,,,
,Santosh Kumar Gangwar,,,,,,,,,,,,,,,,,,,,,,,,,,,,,,,,,,,,,,,,,,,,
,Yeduguri Sandinti Jaganmohan Reddy,,,,,,,,,,,,,,,,,,,,,,,,,,,,,,,,,,,,,,,,,,,,
,Jairam Thakur,,,,,,,,,,,,,,,,,,,,,,,,,,,,,,,,,,,,,,,,,,,,
,Prem Kumar Dhumal,,,,,,,,,,,,,,,,,,,,,,,,,,,,,,,,,,,,,,,,,,,,
,Renu Devi,,,,,,,,,,,,,,,,,,,,,,,,,,,,,,,,,,,,,,,,,,,,
,Janardan Dwivedi,,,,,,,,,,,,,,,,,,,,,,,,,,,,,,,,,,,,,,,,,,,,
,Anantkumar Hegde,,,,,,,,,,,,,,,,,,,,,,,,,,,,,,,,,,,,,,,,,,,,
,Kailash Meghwal,,,,,,,,,,,,,,,,,,,,,,,,,,,,,,,,,,,,,,,,,,,,
,Chhagan Bhujbal,,,,,,,,,,,,,,,,,,,,,,,,,,,,,,,,,,,,,,,,,,,,
,Ratan Lal Kataria,,,,,,,,,,,,,,,,,,,,,,,,,,,,,,,,,,,,,,,,,,,,
,Vijay Goel,,,,,,,,,,,,,,,,,,,,,,,,,,,,,,,,,,,,,,,,,,,,
,Ravi Shankar Prasad,,,,,,,,,,,,,,,,,,,,,,,,,,,,,,,,,,,,,,,,,,,,
,Dilip Ghosh,,,,,,,,,,,,,,,,,,,,,,,,,,,,,,,,,,,,,,,,,,,,
,Vijender Gupta,,,,,,,,,,,,,,,,,,,,,,,,,,,,,,,,,,,,,,,,,,,,
,Vinay Tendulkar,,,,,,,,,,,,,,,,,,,,,,,,,,,,,,,,,,,,,,,,,,,,
,Vinod Tawde,,,,,,,,,,,,,,,,,,,,,,,,,,,,,,,,,,,,,,,,,,,,
,Mangal Pandey,,,,,,,,,,,,,,,,,,,,,,,,,,,,,,,,,,,,,,,,,,,,
,Sayantan Basu,,,,,,,,,,,,,,,,,,,,,,,,,,,,,,,,,,,,,,,,,,,,
,Gopinath Munde,,,,,,,,,,,,,,,,,,,,,,,,,,,,,,,,,,,,,,,,,,,,
,Vijay Bahadur Pathak,,,,,,,,,,,,,,,,,,,,,,,,,,,,,,,,,,,,,,,,,,,,
,Jitu Vaghani,,,,,,,,,,,,,,,,,,,,,,,,,,,,,,,,,,,,,,,,,,,,
,Nalin Kumar Kateel,,,,,,,,,,,,,,,,,,,,,,,,,,,,,,,,,,,,,,,,,,,,
,Gopal Bhargava,,,,,,,,,,,,,,,,,,,,,,,,,,,,,,,,,,,,,,,,,,,,
,Sunny Deol,,,,,,,,,,,,,,,,,,,,,,,,,,,,,,,,,,,,,,,,,,,,
,Nalin Kohli,,,,,,,,,,,,,,,,,,,,,,,,,,,,,,,,,,,,,,,,,,,,
,Umesh Jadhav,,,,,,,,,,,,,,,,,,,,,,,,,,,,,,,,,,,,,,,,,,,,
,Mauvin Godinho,,,,,,,,,,,,,,,,,,,,,,,,,,,,,,,,,,,,,,,,,,,,
,Nityanand Rai,,,,,,,,,,,,,,,,,,,,,,,,,,,,,,,,,,,,,,,,,,,,
,Prime Minister Modi,,,,,,,,,,,,,,,,,,,,,,,,,,,,,,,,,,,,,,,,,,,,
,BS Yeddyurappa,,,,,,,,,,,,,,,,,,,,,,,,,,,,,,,,,,,,,,,,,,,,
,Gautam Gambhir,,,,,,,,,,,,,,,,,,,,,,,,,,,,,,,,,,,,,,,,,,,,
,Gambhir,,,,,,,,,,,,,,,,,,,,,,,,,,,,,,,,,,,,,,,,,,,,
,Amarinder,,,,,,,,,,,,,,,,,,,,,,,,,,,,,,,,,,,,,,,,,,,,
,NDA,,,,,,,,,,,,,,,,,,,,,,,,,,,,,,,,,,,,,,,,,,,,
,Anandiben,,,,,,,,,,,,,,,,,,,,,,,,,,,,,,,,,,,,,,,,,,,,
,Pragya,,,,,,,,,,,,,,,,,,,,,,,,,,,,,,,,,,,,,,,,,,,,
,LK Advani,,,,,,,,,,,,,,,,,,,,,,,,,,,,,,,,,,,,,,,,,,,,
,Advani,,,,,,,,,,,,,,,,,,,,,,,,,,,,,,,,,,,,,,,,,,,,
,Rajnath,,,,,,,,,,,,,,,,,,,,,,,,,,,,,,,,,,,,,,,,,,,,
,Shah,,,,,,,,,,,,,,,,,,,,,,,,,,,,,,,,,,,,,,,,,,,,